invoice_id,flagged,error_category,expected_total_cents,billed_total_cents,confidence
INV-H2-000001,0,,1562227,1562227,0.73
INV-H2-000002,0,,3209350,3209350,0.71
INV-H2-000003,0,,2215650,2215650,0.73
INV-H2-000004,0,,3434580,3434580,0.79
INV-H2-000005,0,,1887000,1887000,0.67
INV-H2-000006,0,,2905616,2905616,0.67
INV-H2-000007,1,malformed_service_date|wrong_unit_basis,,2120830,0.5
INV-H2-000008,0,,1117300,1117300,0.79
INV-H2-000009,0,,2109715,2109715,0.68
INV-H2-000010,0,,5027175,5027175,0.73
INV-H2-000011,0,,2230050,2230050,0.79
INV-H2-000012,0,,1365950,1365950,0.73
INV-H2-000013,1,premium_omitted|service_date_after_invoice_date|unit_price_mismatch,2810485,2748025,0.73
INV-H2-000014,0,,2026480,2026480,0.73
INV-H2-000016,1,invoice_total_mismatch,3197650,3222650,0.79
INV-H2-000017,0,,3403600,3403600,0.73
INV-H2-000018,0,,3343125,3343125,0.67
INV-H2-000019,0,,2170800,2170800,0.73
INV-H2-000020,0,,3676525,3676525,0.79
INV-H2-000021,0,,3182650,3182650,0.67
INV-H2-000022,0,,4508450,4508450,0.67
INV-H2-000023,0,,2161250,2161250,0.73
INV-H2-000024,0,,4052564,4052564,0.77
INV-H2-000025,0,,2670700,2670700,0.67
INV-H2-000026,0,,2129225,2129225,0.79
INV-H2-000027,0,,4051625,4051625,0.73
INV-H2-000028,0,,3711681,3711681,0.67
INV-H2-000029,0,,2935775,2935775,0.73
INV-H2-000030,0,,1661900,1661900,0.73
INV-H2-000031,0,,1033775,1033775,0.79
INV-H2-000032,0,,3807325,3807325,0.67
INV-H2-000033,0,,2413432,2413432,0.73
INV-H2-000034,0,,3110520,3110520,0.73
INV-H2-000035,0,,1918666,1918666,0.71
INV-H2-000036,0,,1734643,1734643,0.73
INV-H2-000037,0,,851304,851304,0.73
INV-H2-000039,0,,2742525,2742525,0.73
INV-H2-000041,0,,1416025,1416025,0.67
INV-H2-000043,0,,2887910,2887910,0.79
INV-H2-000045,1,unit_price_mismatch,3414412,3341612,0.67
INV-H2-000048,0,,1148850,1148850,0.73
INV-H2-000050,0,,1662879,1662879,0.73
INV-H2-000051,0,,2608625,2608625,0.67
INV-H2-000052,0,,2851444,2851444,0.73
INV-H2-000055,1,unknown_service,,2926577,0.3
INV-H2-000056,0,,1625475,1625475,0.73
INV-H2-000059,0,,1840438,1840438,0.73
INV-H2-000065,0,,4090090,4090090,0.71
INV-H2-000067,0,,3986872,3986872,0.67
INV-H2-000069,0,,2863675,2863675,0.73
INV-H2-000070,0,,2364178,2364178,0.73
INV-H2-000072,0,,1542567,1542567,0.65
INV-H2-000079,0,,858946,858946,0.77
INV-H2-000091,0,,848706,848706,0.77
INV-H2-000097,0,,1918135,1918135,0.73
INV-H2-000102,0,,2698803,2698803,0.79
INV-H2-000106,0,,1684549,1684549,0.63
INV-H2-000120,0,,2187675,2187675,0.79
INV-H2-000123,0,,3067605,3067605,0.67
INV-H2-000126,0,,2878543,2878543,0.71
INV-H2-000130,0,,3005248,3005248,0.67
INV-H2-000133,0,,830125,830125,0.73
INV-H2-000135,0,,1727577,1727577,0.73
INV-H2-000139,0,,498875,498875,0.73
INV-H2-000140,0,,2595642,2595642,0.71
INV-H2-000144,1,unit_price_mismatch|volume_discount_omitted,,767964,0.5
INV-H2-000145,0,,2771471,2771471,0.71
INV-H2-000150,1,malformed_service_date|wrong_unit_basis,,953604,0.5
INV-H2-000158,0,,2430168,2430168,0.79
INV-H2-000159,0,,1139386,1139386,0.63
INV-H2-000162,0,,1152086,1152086,0.73
INV-H2-000170,0,,1978684,1978684,0.67
INV-H2-000171,1,invoice_total_mismatch|line_total_arithmetic,,2999762,0.5
INV-H2-000176,1,line_total_arithmetic,,791325,0.5
INV-H2-000178,0,,1810565,1810565,0.73
INV-H2-000181,0,,2280275,2280275,0.65
INV-H2-000182,0,,3424525,3424525,0.79
INV-H2-000183,1,contract_number_mismatch|daily_cap_exceeded,,1041743,0.5
INV-H2-000198,0,,2726444,2726444,0.66
INV-H2-000201,0,,1373725,1373725,0.67
INV-H2-000202,0,,1575784,1575784,0.73
INV-H2-000204,0,,2552210,2552210,0.65
INV-H2-000209,1,service_date_after_invoice_date,2987990,2987990,0.67
INV-H2-000210,0,,2021915,2021915,0.67
INV-H2-000213,0,,2036345,2036345,0.67
INV-H2-000214,0,,1874579,1874579,0.73
INV-H2-000216,0,,2947675,2947675,0.67
INV-H2-000220,0,,5611650,5611650,0.73
INV-H2-000222,0,,1692095,1692095,0.77
INV-H2-000224,0,,819455,819455,0.73
INV-H2-000227,1,daily_cap_exceeded,,2047798,0.5
INV-H2-000228,0,,1700169,1700169,0.67
INV-H2-000230,0,,1871100,1871100,0.67
INV-H2-000232,0,,554808,554808,0.72
INV-H2-000233,0,,2080723,2080723,0.73
INV-H2-000235,0,,1316842,1316842,0.71
INV-H2-000236,0,,3576685,3576685,0.73
INV-H2-000238,1,bundle_not_applied|unit_price_mismatch|volume_discount_omitted,,4112722,0.5
INV-H2-000239,1,contract_number_mismatch|line_total_arithmetic,1141915,1140915,0.79
INV-H2-000241,0,,1809995,1809995,0.79
INV-H2-000242,0,,1754517,1754517,0.73
INV-H2-000243,0,,1572770,1572770,0.71
INV-H2-000246,0,,3928710,3928710,0.67
INV-H2-000248,1,service_date_out_of_window,2944030,2944030,0.73
INV-H2-000249,1,contract_number_mismatch|unknown_service,,622800,0.3
INV-H2-000251,0,,3991755,3991755,0.73
INV-H2-000252,0,,2386515,2386515,0.65
INV-H2-000257,0,,1700570,1700570,0.67
INV-H2-000258,0,,4756505,4756505,0.73
INV-H2-000259,0,,2120226,2120226,0.67
INV-H2-000261,0,,1770116,1770116,0.65
INV-H2-000264,0,,1903274,1903274,0.77
INV-H2-000265,0,,676285,676285,0.65
INV-H2-000268,0,,1812741,1812741,0.73
INV-H2-000272,0,,1775741,1775741,0.67
INV-H2-000274,0,,2988227,2988227,0.77
INV-H2-000276,0,,2928873,2928873,0.73
INV-H2-000277,0,,1961152,1961152,0.67
INV-H2-000278,0,,2892472,2892472,0.67
INV-H2-000279,0,,4108959,4108959,0.73
INV-H2-000281,0,,1820081,1820081,0.73
INV-H2-000282,0,,3803564,3803564,0.71
INV-H2-000286,0,,1015150,1015150,0.73
INV-H2-000287,0,,4273074,4273074,0.73
INV-H2-000288,0,,1708690,1708690,0.73
INV-H2-000291,0,,1924615,1924615,0.79
INV-H2-000293,0,,2436845,2436845,0.73
INV-H2-000295,0,,2049905,2049905,0.65
INV-H2-000297,0,,4453610,4453610,0.65
INV-H2-000299,1,contract_number_mismatch,,3677863,0.5
INV-H2-000302,0,,719120,719120,0.72
INV-H2-000304,0,,1250195,1250195,0.79
INV-H2-000305,0,,1720763,1720763,0.73
INV-H2-000306,1,premium_incorrectly_applied|unit_price_mismatch,3758341,3762607,0.71
INV-H2-000307,0,,2666334,2666334,0.77
INV-H2-000310,0,,3367575,3367575,0.77
INV-H2-000311,0,,2948572,2948572,0.73
INV-H2-000312,0,,1517532,1517532,0.67
INV-H2-000315,1,wrong_unit_basis,,1836941,0.3
INV-H2-000317,0,,726065,726065,0.66
INV-H2-000318,0,,3066075,3066075,0.77
INV-H2-000319,0,,1282121,1282121,0.73
INV-H2-000320,0,,3982500,3982500,0.65
INV-H2-000321,0,,1973038,1973038,0.73
INV-H2-000324,0,,2313314,2313314,0.65
INV-H2-000325,1,bundle_not_applied|unit_price_mismatch,,1666784,0.3
INV-H2-000328,0,,2670780,2670780,0.71
INV-H2-000330,0,,1553631,1553631,0.67
INV-H2-000332,0,,3646221,3646221,0.67
INV-H2-000333,0,,1201594,1201594,0.77
INV-H2-000336,0,,3720232,3720232,0.67
INV-H2-000337,0,,2289976,2289976,0.67
INV-H2-000338,0,,1967325,1967325,0.67
INV-H2-000339,0,,2689112,2689112,0.62
INV-H2-000340,0,,2243925,2243925,0.77
INV-H2-000341,0,,1736250,1736250,0.79
INV-H2-000343,0,,5344806,5344806,0.72
INV-H2-000344,0,,2731884,2731884,0.77
INV-H2-000347,0,,1874095,1874095,0.73
INV-H2-000352,0,,2541076,2541076,0.71
INV-H2-000353,0,,1977554,1977554,0.67
INV-H2-000355,0,,961604,961604,0.67
INV-H2-000356,0,,3469305,3469305,0.71
INV-H2-000358,0,,1182388,1182388,0.62
INV-H2-000359,0,,1422806,1422806,0.73
INV-H2-000367,0,,4036760,4036760,0.65
INV-H2-000368,0,,3089495,3089495,0.73
INV-H2-000369,0,,4816109,4816109,0.67
INV-H2-000371,0,,606294,606294,0.79
INV-H2-000372,0,,3452468,3452468,0.67
INV-H2-000373,0,,1563990,1563990,0.65
INV-H2-000374,0,,4311933,4311933,0.73
INV-H2-000375,0,,2117844,2117844,0.73
INV-H2-000376,1,daily_cap_exceeded|service_date_after_invoice_date,,2933550,0.5
INV-H2-000378,0,,3569028,3569028,0.71
INV-H2-000379,0,,1395717,1395717,0.67
INV-H2-000380,0,,1072638,1072638,0.65
INV-H2-000382,0,,2908946,2908946,0.71
INV-H2-000383,0,,1996262,1996262,0.73
INV-H2-000385,0,,2066280,2066280,0.77
INV-H2-000386,0,,1412868,1412868,0.73
INV-H2-000387,0,,3190686,3190686,0.65
INV-H2-000388,0,,1327618,1327618,0.65
INV-H2-000389,0,,898556,898556,0.79
INV-H2-000390,0,,1681972,1681972,0.71
INV-H2-000391,0,,1410986,1410986,0.67
INV-H2-000393,0,,2854089,2854089,0.73
INV-H2-000394,0,,1198540,1198540,0.67
INV-H2-000395,0,,2315813,2315813,0.73
INV-H2-000396,0,,1899716,1899716,0.67
INV-H2-000397,0,,1363725,1363725,0.73
INV-H2-000399,0,,1760409,1760409,0.77
INV-H2-000400,0,,2854742,2854742,0.77
INV-H2-000401,0,,1154624,1154624,0.77
INV-H2-000402,0,,2787726,2787726,0.65
INV-H2-000403,0,,2788224,2788224,0.67
INV-H2-000404,0,,1430615,1430615,0.67
INV-H2-000405,0,,554880,554880,0.65
INV-H2-000407,0,,2348296,2348296,0.71
INV-H2-000408,0,,3847130,3847130,0.65
INV-H2-000409,0,,2308918,2308918,0.71
INV-H2-000410,0,,1095747,1095747,0.73
INV-H2-000411,0,,659984,659984,0.67
INV-H2-000412,0,,748067,748067,0.65
INV-H2-000413,0,,2121975,2121975,0.73
INV-H2-000414,0,,1289277,1289277,0.73
INV-H2-000415,0,,1366701,1366701,0.71
INV-H2-000416,0,,1882350,1882350,0.71
INV-H2-000417,0,,2886177,2886177,0.73
INV-H2-000418,0,,3790376,3790376,0.71
INV-H2-000419,0,,1346041,1346041,0.67
INV-H2-000420,0,,1997150,1997150,0.73
INV-H2-000422,1,bundle_not_applied|malformed_service_date|unit_price_mismatch,,2442022,0.5
INV-H2-000423,0,,2257247,2257247,0.77
INV-H2-000425,0,,2119373,2119373,0.67
INV-H2-000428,0,,865265,865265,0.77
INV-H2-000429,0,,3033400,3033400,0.73
INV-H2-000430,0,,2119852,2119852,0.73
INV-H2-000431,0,,3036250,3036250,0.71
INV-H2-000432,1,invoice_total_mismatch|line_total_arithmetic,,851553,0.5
INV-H2-000433,0,,3006170,3006170,0.73
INV-H2-000434,0,,976760,976760,0.67
INV-H2-000435,0,,1993856,1993856,0.73
INV-H2-000436,1,invoice_total_mismatch|unit_price_mismatch|wrong_unit_basis,,2403279,0.5
INV-H2-000437,0,,2565495,2565495,0.71
INV-H2-000438,0,,1618210,1618210,0.77
INV-H2-000439,0,,3318627,3318627,0.65
INV-H2-000440,0,,2974295,2974295,0.77
INV-H2-000441,0,,3406221,3406221,0.71
INV-H2-000444,0,,1808152,1808152,0.73
INV-H2-000445,0,,1867264,1867264,0.71
INV-H2-000446,1,daily_cap_exceeded|service_date_after_invoice_date|service_date_out_of_window|wrong_unit_basis,,4057446,0.45
INV-H2-000447,1,service_date_out_of_window|unit_price_mismatch|volume_discount_omitted,3605663,3616607,0.73
INV-H2-000448,0,,3534828,3534828,0.77
INV-H2-000449,0,,2821366,2821366,0.77
INV-H2-000450,0,,1164383,1164383,0.73
INV-H2-000452,0,,2030073,2030073,0.79
INV-H2-000453,0,,2618660,2618660,0.71
INV-H2-000454,0,,652962,652962,0.73
INV-H2-000455,0,,1630753,1630753,0.73
INV-H2-000457,0,,1969084,1969084,0.77
INV-H2-000458,0,,1219696,1219696,0.65
INV-H2-000459,0,,1475580,1475580,0.77
INV-H2-000460,0,,1720892,1720892,0.77
INV-H2-000461,0,,2159420,2159420,0.71
INV-H2-000462,0,,3616143,3616143,0.71
INV-H2-000464,0,,450405,450405,0.73
INV-H2-000465,0,,1735104,1735104,0.73
INV-H2-000466,0,,2091634,2091634,0.73
INV-H2-000467,0,,731706,731706,0.67
INV-H2-000468,0,,1417911,1417911,0.74
INV-H2-000469,0,,1799383,1799383,0.73
INV-H2-000471,0,,1880822,1880822,0.65
INV-H2-000472,0,,4818240,4818240,0.67
INV-H2-000473,1,premium_omitted|unit_price_mismatch,,3336481,0.3
INV-H2-000475,0,,1571347,1571347,0.79
INV-H2-000476,0,,840538,840538,0.67
INV-H2-000477,0,,1175492,1175492,0.79
INV-H2-000479,0,,1487956,1487956,0.77
INV-H2-000480,0,,1052124,1052124,0.77
INV-H2-000483,0,,2817934,2817934,0.71
INV-H2-000485,0,,1240519,1240519,0.65
INV-H2-000487,0,,2302326,2302326,0.71
INV-H2-000489,0,,2652128,2652128,0.66
INV-H2-000490,0,,1318273,1318273,0.77
INV-H2-000491,0,,3922968,3922968,0.71
INV-H2-000492,0,,3215187,3215187,0.67
INV-H2-000493,0,,3246586,3246586,0.71
INV-H2-000496,0,,1186703,1186703,0.71
INV-H2-000498,0,,3214850,3214850,0.67
INV-H2-000499,0,,3971333,3971333,0.67
INV-H2-000500,0,,2320715,2320715,0.71
INV-H2-000501,0,,2146246,2146246,0.73
INV-H2-000502,0,,2294084,2294084,0.79
INV-H2-000503,0,,4649507,4649507,0.65
INV-H2-000504,0,,1227341,1227341,0.67
INV-H2-000505,0,,1313419,1313419,0.73
INV-H2-000506,0,,2515516,2515516,0.65
INV-H2-000507,1,unit_price_mismatch,,3254536,0.3
INV-H2-000508,0,,3212900,3212900,0.77
INV-H2-000509,1,invoice_total_mismatch|unit_price_mismatch|volume_discount_omitted,4976223,4972669,0.73
INV-H2-000510,0,,2229527,2229527,0.79
INV-H2-000511,0,,2811585,2811585,0.65
INV-H2-000512,0,,3858882,3858882,0.67
INV-H2-000513,0,,1178022,1178022,0.67
INV-H2-000515,0,,4751120,4751120,0.79
INV-H2-000517,0,,599366,599366,0.74
INV-H2-000518,0,,1392247,1392247,0.71
INV-H2-000519,1,malformed_service_date,,4021008,0.5
INV-H2-000520,0,,1266208,1266208,0.73
INV-H2-000521,0,,2393093,2393093,0.67
INV-H2-000522,1,service_date_out_of_window,,2437801,0.5
INV-H2-000523,0,,2064963,2064963,0.67
INV-H2-000524,0,,2678468,2678468,0.73
INV-H2-000527,0,,2372365,2372365,0.63
INV-H2-000528,0,,1165989,1165989,0.73
INV-H2-000529,0,,1942612,1942612,0.67
INV-H2-000530,0,,2020950,2020950,0.73
INV-H2-000531,0,,1912735,1912735,0.73
INV-H2-000532,0,,1735793,1735793,0.73
INV-H2-000533,0,,782200,782200,0.73
INV-H2-000534,0,,3400872,3400872,0.67
INV-H2-000535,0,,3084252,3084252,0.67
INV-H2-000536,0,,4239813,4239813,0.67
INV-H2-000537,0,,3154210,3154210,0.67
INV-H2-000538,0,,2855565,2855565,0.67
INV-H2-000539,0,,1054333,1054333,0.67
INV-H2-000540,0,,2617786,2617786,0.73
INV-H2-000541,0,,1250700,1250700,0.73
INV-H2-000542,0,,5495032,5495032,0.71
INV-H2-000543,0,,869034,869034,0.67
INV-H2-000544,0,,4361678,4361678,0.73
INV-H2-000546,0,,2877477,2877477,0.71
INV-H2-000547,0,,2712538,2712538,0.73
INV-H2-000548,0,,1631925,1631925,0.63
INV-H2-000550,0,,812880,812880,0.77
INV-H2-000551,0,,1889477,1889477,0.77
INV-H2-000552,0,,1578679,1578679,0.73
INV-H2-000553,0,,1344040,1344040,0.67
INV-H2-000554,0,,1871014,1871014,0.67
INV-H2-000555,0,,1392220,1392220,0.71
INV-H2-000556,0,,2894291,2894291,0.73
INV-H2-000557,0,,1961598,1961598,0.71
INV-H2-000558,0,,1735900,1735900,0.77
INV-H2-000559,0,,1558207,1558207,0.65
INV-H2-000560,0,,3421995,3421995,0.73
INV-H2-000561,1,malformed_service_date,,3182220,0.5
INV-H2-000562,0,,2208541,2208541,0.73
INV-H2-000563,0,,880960,880960,0.67
INV-H2-000564,0,,3032224,3032224,0.77
INV-H2-000565,0,,2938967,2938967,0.73
INV-H2-000567,0,,3084514,3084514,0.65
INV-H2-000568,0,,2556398,2556398,0.73
INV-H2-000569,0,,1295125,1295125,0.73
INV-H2-000570,0,,805834,805834,0.73
INV-H2-000571,0,,1573084,1573084,0.77
INV-H2-000573,0,,1790852,1790852,0.67
INV-H2-000575,0,,1930575,1930575,0.71
INV-H2-000576,0,,1687395,1687395,0.73
INV-H2-000577,0,,3136349,3136349,0.65
INV-H2-000578,0,,1357734,1357734,0.77
INV-H2-000580,0,,2628963,2628963,0.73
INV-H2-000581,0,,2793115,2793115,0.65
INV-H2-000583,0,,3228763,3228763,0.73
INV-H2-000584,0,,806310,806310,0.73
INV-H2-000585,0,,3546158,3546158,0.65
INV-H2-000587,0,,3303488,3303488,0.67
INV-H2-000588,0,,2523334,2523334,0.73
INV-H2-000589,0,,2244155,2244155,0.73
INV-H2-000590,0,,2785543,2785543,0.71
INV-H2-000592,0,,2916885,2916885,0.67
INV-H2-000593,0,,2942192,2942192,0.79
INV-H2-000595,1,daily_cap_exceeded,,5472120,0.5
INV-H2-000596,0,,2802714,2802714,0.71
INV-H2-000601,0,,1432869,1432869,0.77
INV-H2-000602,0,,2479774,2479774,0.73
INV-H2-000603,0,,1882190,1882190,0.79
INV-H2-000605,0,,2978973,2978973,0.73
INV-H2-000606,0,,1805800,1805800,0.73
INV-H2-000607,1,unit_price_mismatch,1823964,1817036,0.77
INV-H2-000609,0,,5579682,5579682,0.71
INV-H2-000610,1,premium_incorrectly_applied|unit_price_mismatch,2512420,2768134,0.73
INV-H2-000611,0,,762698,762698,0.67
INV-H2-000613,0,,3596316,3596316,0.73
INV-H2-000614,0,,2472738,2472738,0.71
INV-H2-000616,0,,1191206,1191206,0.77
INV-H2-000617,0,,2405578,2405578,0.67
INV-H2-000618,0,,1829923,1829923,0.67
INV-H2-000619,0,,2581322,2581322,0.79
INV-H2-000620,0,,4885679,4885679,0.79
INV-H2-000621,0,,1124301,1124301,0.77
INV-H2-000622,0,,1882260,1882260,0.79
INV-H2-000624,0,,4022455,4022455,0.73
INV-H2-000625,1,unit_price_mismatch|volume_discount_omitted,1349035,1379179,0.77
INV-H2-000626,0,,4145553,4145553,0.71
INV-H2-000628,0,,577005,577005,0.77
INV-H2-000629,0,,2290394,2290394,0.73
INV-H2-000630,0,,1202654,1202654,0.67
INV-H2-000631,0,,3531903,3531903,0.71
INV-H2-000632,0,,6329851,6329851,0.73
INV-H2-000633,0,,1114656,1114656,0.73
INV-H2-000634,0,,4638849,4638849,0.67
INV-H2-000635,0,,1136040,1136040,0.73
INV-H2-000637,0,,1728169,1728169,0.73
INV-H2-000639,0,,2198076,2198076,0.67
INV-H2-000640,0,,908634,908634,0.67
INV-H2-000641,0,,2763175,2763175,0.73
INV-H2-000643,0,,2698521,2698521,0.73
INV-H2-000644,0,,1398308,1398308,0.67
INV-H2-000645,0,,2258476,2258476,0.73
INV-H2-000646,0,,4456054,4456054,0.71
INV-H2-000647,0,,2068148,2068148,0.73
INV-H2-000650,0,,2432083,2432083,0.63
INV-H2-000652,0,,2483214,2483214,0.65
INV-H2-000653,0,,1468777,1468777,0.77
INV-H2-000654,0,,1219902,1219902,0.71
INV-H2-000655,0,,3699144,3699144,0.65
INV-H2-000656,0,,3136505,3136505,0.67
INV-H2-000657,0,,2413294,2413294,0.66
INV-H2-000658,0,,3097664,3097664,0.73
INV-H2-000659,0,,2083537,2083537,0.73
INV-H2-000660,0,,1164115,1164115,0.67
INV-H2-000661,1,invoice_total_mismatch|unknown_service,,1600124,0.3
INV-H2-000662,1,premium_incorrectly_applied|service_date_after_invoice_date|service_date_out_of_window|unit_price_mismatch,2105417,2167344,0.77
INV-H2-000663,0,,4682684,4682684,0.65
INV-H2-000665,0,,2621783,2621783,0.67
INV-H2-000666,0,,1621625,1621625,0.72
INV-H2-000667,0,,3168902,3168902,0.67
INV-H2-000668,0,,3127885,3127885,0.77
INV-H2-000669,0,,1716593,1716593,0.73
INV-H2-000670,0,,2667365,2667365,0.79
INV-H2-000671,0,,3704829,3704829,0.71
INV-H2-000672,0,,3149355,3149355,0.71
INV-H2-000673,0,,1783703,1783703,0.63
INV-H2-000674,0,,3512287,3512287,0.67
INV-H2-000675,0,,2606740,2606740,0.65
INV-H2-000677,0,,2188524,2188524,0.65
INV-H2-000679,0,,2691653,2691653,0.73
INV-H2-000680,0,,3026199,3026199,0.71
INV-H2-000681,0,,3587102,3587102,0.73
INV-H2-000683,0,,3284345,3284345,0.73
INV-H2-000684,1,malformed_service_date,,2974777,0.5
INV-H2-000685,0,,672852,672852,0.73
INV-H2-000688,0,,1207211,1207211,0.73
INV-H2-000690,0,,909493,909493,0.73
INV-H2-000691,0,,4187093,4187093,0.73
INV-H2-000692,0,,821160,821160,0.79
INV-H2-000693,0,,3684794,3684794,0.73
INV-H2-000694,0,,2961093,2961093,0.67
INV-H2-000695,0,,2759671,2759671,0.73
INV-H2-000696,0,,2800843,2800843,0.79
INV-H2-000699,0,,3875046,3875046,0.65
INV-H2-000700,0,,3090573,3090573,0.73
INV-H2-000702,0,,3507352,3507352,0.65
INV-H2-000703,0,,3021465,3021465,0.68
INV-H2-000705,0,,2914273,2914273,0.79
INV-H2-000706,0,,2760367,2760367,0.67
INV-H2-000708,0,,742147,742147,0.73
INV-H2-000709,0,,1259718,1259718,0.73
INV-H2-000710,0,,3941607,3941607,0.73
INV-H2-000711,0,,2541681,2541681,0.79
INV-H2-000712,0,,3060317,3060317,0.73
INV-H2-000713,0,,3170981,3170981,0.67
INV-H2-000714,0,,4240210,4240210,0.73
INV-H2-000716,0,,3793348,3793348,0.67
INV-H2-000718,0,,1785111,1785111,0.73
INV-H2-000719,0,,1128563,1128563,0.73
INV-H2-000720,0,,2814649,2814649,0.71
INV-H2-000722,0,,1106765,1106765,0.77
INV-H2-000723,0,,2758055,2758055,0.77
INV-H2-000724,0,,3191802,3191802,0.73
INV-H2-000725,0,,4558114,4558114,0.71
INV-H2-000726,0,,2982991,2982991,0.65
INV-H2-000730,0,,2461898,2461898,0.65
INV-H2-000732,0,,2977662,2977662,0.77
INV-H2-000733,1,unknown_service,,4753896,0.3
INV-H2-000734,0,,873763,873763,0.67
INV-H2-000735,0,,1282225,1282225,0.79
INV-H2-000736,0,,1522600,1522600,0.67
INV-H2-000738,0,,4531429,4531429,0.73
INV-H2-000739,0,,1322520,1322520,0.68
INV-H2-000740,0,,1642075,1642075,0.79
INV-H2-000741,0,,746350,746350,0.73
INV-H2-000742,0,,2587287,2587287,0.67
INV-H2-000743,1,premium_omitted|unit_price_mismatch,1895777,1843727,0.73
INV-H2-000744,1,line_total_arithmetic|premium_incorrectly_applied|unit_price_mismatch,2142767,2170400,0.77
INV-H2-000745,0,,4798801,4798801,0.73
INV-H2-000746,0,,1574770,1574770,0.67
INV-H2-000747,0,,1537272,1537272,0.65
INV-H2-000748,0,,3360182,3360182,0.73
INV-H2-000749,0,,3319651,3319651,0.77
INV-H2-000750,0,,1253747,1253747,0.77
INV-H2-000751,0,,1626705,1626705,0.77
INV-H2-000752,1,malformed_service_date|wrong_unit_basis,,1570251,0.5
INV-H2-000753,0,,3500129,3500129,0.67
INV-H2-000754,0,,4507631,4507631,0.67
INV-H2-000756,0,,3824998,3824998,0.71
INV-H2-000757,0,,1782000,1782000,0.79
INV-H2-000759,0,,1371605,1371605,0.71
INV-H2-000760,0,,1642789,1642789,0.67
INV-H2-000761,0,,2934858,2934858,0.73
INV-H2-000762,0,,1232419,1232419,0.67
INV-H2-000763,0,,1102120,1102120,0.77
INV-H2-000764,0,,1062263,1062263,0.77
INV-H2-000765,0,,1105935,1105935,0.71
INV-H2-000767,0,,2128330,2128330,0.77
INV-H2-000768,0,,1576763,1576763,0.65
INV-H2-000769,0,,1143304,1143304,0.73
INV-H2-000772,0,,2180670,2180670,0.73
INV-H2-000773,0,,1935741,1935741,0.65
INV-H2-000774,0,,2841782,2841782,0.67
INV-H2-000775,0,,3303626,3303626,0.67
INV-H2-000777,0,,3599806,3599806,0.65
INV-H2-000778,0,,2775345,2775345,0.73
INV-H2-000779,0,,797743,797743,0.73
INV-H2-000780,0,,1277900,1277900,0.71
INV-H2-000782,0,,3222420,3222420,0.67
INV-H2-000783,1,service_date_after_invoice_date|unknown_service|wrong_unit_basis,,2563422,0.3
INV-H2-000784,0,,741930,741930,0.71
INV-H2-000785,0,,4069007,4069007,0.65
INV-H2-000787,0,,3476965,3476965,0.67
INV-H2-000789,0,,3371584,3371584,0.67
INV-H2-000792,0,,3692155,3692155,0.73
INV-H2-000794,0,,2921087,2921087,0.73
INV-H2-000796,0,,1983748,1983748,0.77
INV-H2-000797,0,,1773536,1773536,0.77
INV-H2-000798,0,,3954108,3954108,0.73
INV-H2-000799,0,,3386979,3386979,0.73
INV-H2-000800,1,service_date_out_of_window,3262287,3262287,0.73
INV-H2-000803,0,,2794537,2794537,0.73
INV-H2-000805,0,,2101348,2101348,0.72
INV-H2-000807,0,,2639466,2639466,0.77
INV-H2-000808,0,,1851240,1851240,0.73
INV-H2-000809,0,,1497767,1497767,0.67
INV-H2-000810,0,,674737,674737,0.79
INV-H2-000812,0,,2149659,2149659,0.67
INV-H2-000813,0,,1259475,1259475,0.73
INV-H2-000814,0,,3908420,3908420,0.71
INV-H2-000815,0,,2359169,2359169,0.67
INV-H2-000816,0,,1899044,1899044,0.67
INV-H2-000817,0,,3930565,3930565,0.71
INV-H2-000818,1,contract_number_mismatch,,1786734,0.5
INV-H2-000819,0,,1600542,1600542,0.65
INV-H2-000820,0,,3602804,3602804,0.65
INV-H2-000821,0,,2009157,2009157,0.67
INV-H2-000822,0,,1834615,1834615,0.67
INV-H2-000823,0,,1616874,1616874,0.77
INV-H2-000824,0,,1783839,1783839,0.67
INV-H2-000825,0,,2774696,2774696,0.71
INV-H2-000826,0,,3270588,3270588,0.71
INV-H2-000827,0,,2673574,2673574,0.67
INV-H2-000829,0,,1296475,1296475,0.73
INV-H2-000830,1,premium_omitted|unit_price_mismatch,1890653,1878566,0.73
INV-H2-000832,0,,2144903,2144903,0.77
INV-H2-000834,0,,908205,908205,0.73
INV-H2-000835,1,wrong_unit_basis,,814076,0.5
INV-H2-000836,0,,3991765,3991765,0.77
INV-H2-000837,0,,2944435,2944435,0.73
INV-H2-000839,0,,1865193,1865193,0.67
INV-H2-000840,0,,2749531,2749531,0.72
INV-H2-000841,0,,2554005,2554005,0.67
INV-H2-000842,0,,753112,753112,0.77
INV-H2-000843,1,line_total_arithmetic|service_date_after_invoice_date|unit_price_mismatch,780733,1031048,0.77
INV-H2-000844,1,daily_cap_exceeded|premium_incorrectly_applied|unit_price_mismatch,,2187312,0.5
INV-H2-000845,0,,3594329,3594329,0.67
INV-H2-000846,0,,2680106,2680106,0.73
INV-H2-000847,0,,1683145,1683145,0.73
INV-H2-000849,0,,1207808,1207808,0.65
INV-H2-000850,0,,995241,995241,0.65
INV-H2-000851,0,,2787553,2787553,0.73
INV-H2-000852,1,bundle_not_applied|unit_price_mismatch,3797947,3860247,0.65
INV-H2-000853,0,,1987980,1987980,0.67
INV-H2-000854,0,,2887999,2887999,0.67
INV-H2-000856,0,,3712565,3712565,0.73
INV-H2-000857,0,,1161300,1161300,0.79
INV-H2-000858,0,,1256173,1256173,0.77
INV-H2-000859,0,,2319384,2319384,0.77
INV-H2-000860,0,,881275,881275,0.77
INV-H2-000861,0,,864006,864006,0.73
INV-H2-000862,0,,2616211,2616211,0.73
INV-H2-000863,0,,3633341,3633341,0.67
INV-H2-000864,0,,3362605,3362605,0.67
INV-H2-000865,0,,3562260,3562260,0.73
INV-H2-000866,0,,4666306,4666306,0.73
INV-H2-000867,0,,2488507,2488507,0.71
INV-H2-000868,0,,630595,630595,0.73
INV-H2-000869,0,,3190248,3190248,0.73
INV-H2-000871,0,,990570,990570,0.65
INV-H2-000873,0,,1664581,1664581,0.73
INV-H2-000876,0,,1040829,1040829,0.65
INV-H2-000877,0,,3481390,3481390,0.66
INV-H2-000878,0,,2151670,2151670,0.73
INV-H2-000879,0,,3294671,3294671,0.67
INV-H2-000880,0,,1774589,1774589,0.67
INV-H2-000882,0,,1718401,1718401,0.77
INV-H2-000883,0,,1194295,1194295,0.67
INV-H2-000884,0,,2560306,2560306,0.71
INV-H2-000885,0,,2899515,2899515,0.67
INV-H2-000886,0,,2570948,2570948,0.65
INV-H2-000889,1,daily_cap_exceeded,,3971554,0.5
INV-H2-000890,0,,3470378,3470378,0.67
INV-H2-000891,0,,1422344,1422344,0.73
INV-H2-000894,0,,2300208,2300208,0.77
INV-H2-000895,0,,4939046,4939046,0.65
INV-H2-000896,0,,1684386,1684386,0.79
INV-H2-000897,0,,2935065,2935065,0.67
INV-H2-000898,0,,1230187,1230187,0.77
INV-H2-000899,0,,1711521,1711521,0.67
INV-H2-000900,1,premium_incorrectly_applied|unit_price_mismatch|volume_discount_omitted,2837941,2996206,0.65
INV-H2-000902,0,,2716978,2716978,0.67
INV-H2-000903,0,,2506101,2506101,0.65
INV-H2-000904,0,,2339730,2339730,0.67
INV-H2-000905,0,,2371477,2371477,0.67
INV-H2-000907,0,,796120,796120,0.79
INV-H2-000908,0,,3840632,3840632,0.79
INV-H2-000909,0,,1115895,1115895,0.77
INV-H2-000910,0,,3941744,3941744,0.71
INV-H2-000911,0,,1279775,1279775,0.79
INV-H2-000912,0,,4148278,4148278,0.67
INV-H2-000914,0,,1607947,1607947,0.73
INV-H2-000916,0,,3841278,3841278,0.71
INV-H2-000917,0,,1849025,1849025,0.77
INV-H2-000921,0,,3728716,3728716,0.71
INV-H2-000922,0,,2658718,2658718,0.73
INV-H2-000923,0,,2188045,2188045,0.79
INV-H2-000924,0,,3217760,3217760,0.73
INV-H2-000925,0,,1861080,1861080,0.71
INV-H2-000926,0,,5266190,5266190,0.65
INV-H2-000927,0,,1298490,1298490,0.67
INV-H2-000928,0,,2278307,2278307,0.77
INV-H2-000929,0,,977554,977554,0.77
INV-H2-000931,0,,2076478,2076478,0.77
INV-H2-000933,0,,750403,750403,0.71
INV-H2-000934,0,,1713705,1713705,0.67
INV-H2-000935,0,,1467418,1467418,0.79
INV-H2-000936,0,,4613985,4613985,0.67
INV-H2-000937,0,,2959847,2959847,0.73
INV-H2-000938,0,,3526755,3526755,0.67
INV-H2-000939,0,,3142154,3142154,0.71
INV-H2-000940,0,,2413189,2413189,0.71
INV-H2-000941,0,,1947890,1947890,0.74
INV-H2-000942,0,,961953,961953,0.71
INV-H2-000944,0,,1246331,1246331,0.73
INV-H2-000945,0,,1641371,1641371,0.73
INV-H2-000946,0,,1772674,1772674,0.73
INV-H2-000948,0,,1396291,1396291,0.67
INV-H2-000949,0,,3418986,3418986,0.77
INV-H2-000950,0,,2030127,2030127,0.77
INV-H2-000951,1,wrong_unit_basis,,3584619,0.3
INV-H2-000953,0,,3157954,3157954,0.71
INV-H2-000954,0,,3339291,3339291,0.67
INV-H2-000955,1,malformed_service_date|service_date_after_invoice_date,,1703199,0.5
INV-H2-000956,0,,1170448,1170448,0.77
INV-H2-000957,0,,3563324,3563324,0.73
INV-H2-000958,0,,1957650,1957650,0.79
INV-H2-000959,0,,1345550,1345550,0.79
INV-H2-000960,0,,1500075,1500075,0.73
INV-H2-000961,0,,1948476,1948476,0.73
INV-H2-000962,0,,3371295,3371295,0.73
INV-H2-000963,0,,2661080,2661080,0.73
INV-H2-000964,0,,2271587,2271587,0.79
INV-H2-000965,0,,678034,678034,0.65
INV-H2-000966,0,,1334073,1334073,0.77
INV-H2-000967,0,,2334120,2334120,0.67
INV-H2-000968,0,,1954872,1954872,0.73
INV-H2-000969,0,,2885795,2885795,0.67
INV-H2-000970,0,,3271559,3271559,0.73
INV-H2-000971,0,,3268943,3268943,0.73
INV-H2-000973,0,,2523532,2523532,0.73
INV-H2-000977,0,,3996544,3996544,0.71
INV-H2-000979,0,,825685,825685,0.73
INV-H2-000980,0,,2052881,2052881,0.65
INV-H2-000981,0,,2343368,2343368,0.77
INV-H2-000982,0,,3876361,3876361,0.77
INV-H2-000983,0,,3185533,3185533,0.71
INV-H2-000984,0,,516810,516810,0.73
INV-H2-000985,0,,3565104,3565104,0.67
INV-H2-000986,0,,932430,932430,0.71
INV-H2-000989,1,bundle_not_applied|daily_cap_exceeded|unit_price_mismatch,,2155933,0.5
INV-H2-000990,0,,2687172,2687172,0.67
INV-H2-000992,0,,2344754,2344754,0.73
INV-H2-000993,0,,1695527,1695527,0.73
INV-H2-000994,0,,1294275,1294275,0.68
INV-H2-000995,0,,2573468,2573468,0.73
INV-H2-000996,0,,2108707,2108707,0.67
INV-H2-000997,0,,1270700,1270700,0.79
INV-H2-000998,0,,1965345,1965345,0.58
INV-H2-000999,0,,4489680,4489680,0.77
INV-H2-001000,0,,3411735,3411735,0.73
INV-H2-001001,0,,2346146,2346146,0.77
INV-H2-001002,0,,1763106,1763106,0.79
INV-H2-001003,0,,379589,379589,0.73
INV-H2-001004,0,,3103865,3103865,0.79
INV-H2-001005,0,,4211904,4211904,0.73
INV-H2-001007,0,,934999,934999,0.67
INV-H2-001010,0,,786344,786344,0.73
INV-H2-001011,0,,2055812,2055812,0.67
INV-H2-001012,0,,4107401,4107401,0.77
INV-H2-001015,0,,4880061,4880061,0.73
INV-H2-001017,1,bundle_not_applied|exclusion_window_violation|unit_price_mismatch,,3721701,0.5
INV-H2-001018,0,,3507077,3507077,0.71
INV-H2-001019,0,,3711920,3711920,0.77
INV-H2-001020,0,,4523784,4523784,0.77
INV-H2-001023,0,,1275392,1275392,0.72
INV-H2-001024,0,,2254015,2254015,0.67
INV-H2-001025,0,,1871857,1871857,0.67
INV-H2-001026,0,,702100,702100,0.73
INV-H2-001028,1,invoice_total_mismatch|wrong_unit_basis,,159581,0.5
INV-H2-001030,1,contract_number_mismatch|wrong_unit_basis,,3561932,0.5
INV-H2-001031,0,,4387478,4387478,0.73
INV-H2-001032,0,,976266,976266,0.65
INV-H2-001037,0,,3753669,3753669,0.77
INV-H2-001038,1,unit_price_mismatch,,1530398,0.5
INV-H2-001040,0,,964376,964376,0.71
INV-H2-001041,1,line_total_arithmetic|unit_price_mismatch,,4721224,0.5
INV-H2-001042,0,,1931251,1931251,0.77
INV-H2-001043,0,,3911612,3911612,0.73
INV-H2-001044,1,contract_number_mismatch|wrong_unit_basis,,1319234,0.5
INV-H2-001045,0,,3893284,3893284,0.65
INV-H2-001046,0,,946553,946553,0.73
INV-H2-001047,0,,1526244,1526244,0.77
INV-H2-001048,0,,3651137,3651137,0.71
INV-H2-001049,0,,842398,842398,0.79
INV-H2-001050,0,,2848318,2848318,0.65
INV-H2-001051,0,,3670705,3670705,0.77
INV-H2-001052,0,,3269428,3269428,0.71
INV-H2-001053,0,,4283250,4283250,0.79
INV-H2-001055,0,,2570725,2570725,0.67
INV-H2-001057,0,,1424605,1424605,0.77
INV-H2-001059,0,,700562,700562,0.73
INV-H2-001060,0,,1741993,1741993,0.67
INV-H2-001061,0,,1466298,1466298,0.73
INV-H2-001062,0,,3235647,3235647,0.73
INV-H2-001064,0,,2263091,2263091,0.65
INV-H2-001065,0,,1793805,1793805,0.77
INV-H2-001066,0,,2585711,2585711,0.77
INV-H2-001067,0,,1750640,1750640,0.73
INV-H2-001068,0,,2181943,2181943,0.77
INV-H2-001069,0,,905847,905847,0.77
INV-H2-001071,0,,1853918,1853918,0.77
INV-H2-001072,0,,2431361,2431361,0.73
INV-H2-001073,1,invoice_total_mismatch|unit_price_mismatch|wrong_unit_basis,,3115140,0.5
INV-H2-001075,0,,1856660,1856660,0.71
INV-H2-001076,0,,3053262,3053262,0.67
INV-H2-001077,0,,2312311,2312311,0.65
INV-H2-001078,0,,3309778,3309778,0.65
INV-H2-001080,0,,3904131,3904131,0.73
INV-H2-001081,0,,649333,649333,0.67
INV-H2-001083,0,,3718784,3718784,0.67
INV-H2-001084,0,,1165486,1165486,0.73
INV-H2-001085,0,,2098190,2098190,0.77
INV-H2-001086,0,,3300088,3300088,0.62
INV-H2-001089,0,,3054038,3054038,0.77
INV-H2-001090,0,,5040901,5040901,0.65
INV-H2-001091,0,,2834194,2834194,0.71
INV-H2-001092,0,,1713805,1713805,0.77
INV-H2-001093,0,,3647438,3647438,0.71
INV-H2-001094,0,,185216,185216,0.73
INV-H2-001096,0,,2080320,2080320,0.77
INV-H2-001097,0,,825286,825286,0.79
INV-H2-001098,0,,415220,415220,0.67
INV-H2-001099,0,,740475,740475,0.73
INV-H2-001100,0,,1429385,1429385,0.65
INV-H2-001101,0,,1998485,1998485,0.73
INV-H2-001103,0,,2203699,2203699,0.77
INV-H2-001104,0,,1764560,1764560,0.73
INV-H2-001105,0,,1959400,1959400,0.77
INV-H2-001106,0,,2937640,2937640,0.67
INV-H2-001107,0,,1538659,1538659,0.67
INV-H2-001108,0,,1799203,1799203,0.77
INV-H2-001109,1,bundle_not_applied|unit_price_mismatch,833533,935389,0.65
INV-H2-001110,0,,1318632,1318632,0.73
INV-H2-001113,0,,1474210,1474210,0.73
INV-H2-001114,0,,2250654,2250654,0.73
INV-H2-001115,0,,3882884,3882884,0.67
INV-H2-001116,0,,1204505,1204505,0.71
INV-H2-001117,0,,3050848,3050848,0.67
INV-H2-001118,0,,1394553,1394553,0.73
INV-H2-001119,0,,897234,897234,0.71
INV-H2-001120,0,,2324144,2324144,0.67
INV-H2-001121,0,,1848810,1848810,0.77
INV-H2-001122,0,,1189092,1189092,0.71
INV-H2-001123,0,,1761377,1761377,0.67
INV-H2-001124,0,,1047455,1047455,0.77
INV-H2-001125,0,,1529979,1529979,0.77
INV-H2-001126,0,,3819014,3819014,0.73
INV-H2-001127,0,,1668997,1668997,0.67
INV-H2-001128,0,,3150596,3150596,0.67
INV-H2-001129,0,,623988,623988,0.65
INV-H2-001130,1,unit_price_mismatch|wrong_unit_basis,,3384668,0.5
INV-H2-001131,0,,1634825,1634825,0.67
INV-H2-001132,0,,3223295,3223295,0.65
INV-H3-000001,0,,3642525,3642525,0.84
INV-H3-000002,0,,2908235,2908235,0.84
INV-H3-000003,0,,4009560,4009560,0.84
INV-H3-000004,0,,4056505,4056505,0.78
INV-H3-000005,0,,5863300,5863300,0.78
INV-H3-000006,1,invoice_total_mismatch,5833766,5808766,0.78
INV-H3-000007,0,,3985625,3985625,0.78
INV-H3-000009,0,,1121650,1121650,0.84
INV-H3-000010,0,,3488955,3488955,0.78
INV-H3-000011,0,,2481031,2481031,0.72
INV-H3-000012,0,,2163625,2163625,0.72
INV-H3-000013,0,,1213100,1213100,0.78
INV-H3-000014,0,,3412575,3412575,0.84
INV-H3-000015,0,,1980335,1980335,0.78
INV-H3-000016,0,,4289481,4289481,0.72
INV-H3-000017,1,malformed_service_date,,4700676,0.5
INV-H3-000018,0,,4492825,4492825,0.78
INV-H3-000019,0,,3964925,3964925,0.84
INV-H3-000020,0,,2359575,2359575,0.84
INV-H3-000022,0,,1865125,1865125,0.84
INV-H3-000023,0,,4068300,4068300,0.78
INV-H3-000025,0,,3343645,3343645,0.78
INV-H3-000026,0,,3983224,3983224,0.72
INV-H3-000027,0,,1902412,1902412,0.72
INV-H3-000028,0,,1207741,1207741,0.78
INV-H3-000029,1,premium_incorrectly_applied|unit_price_mismatch|volume_discount_incorrectly_applied|wrong_unit_basis,,801990,0.5
INV-H3-000031,0,,2697916,2697916,0.72
INV-H3-000032,0,,3046405,3046405,0.82
INV-H3-000033,0,,2979500,2979500,0.84
INV-H3-000034,0,,2352800,2352800,0.78
INV-H3-000035,0,,3007590,3007590,0.78
INV-H3-000036,0,,3181885,3181885,0.78
INV-H3-000037,0,,1593850,1593850,0.78
INV-H3-000038,1,invoice_total_mismatch,,3550097,0.5
INV-H3-000039,0,,1622500,1622500,0.84
INV-H3-000040,0,,1165154,1165154,0.84
INV-H3-000041,0,,2802550,2802550,0.78
INV-H3-000043,0,,720875,720875,0.84
INV-H3-000045,0,,2978630,2978630,0.78
INV-H3-000046,0,,1238675,1238675,0.78
INV-H3-000047,0,,2054775,2054775,0.78
INV-H3-000048,0,,2452592,2452592,0.82
INV-H3-000050,0,,3788788,3788788,0.84
INV-H3-000052,1,exclusion_window_violation,,4375660,0.5
INV-H3-000053,0,,2824325,2824325,0.78
INV-H3-000054,0,,2050950,2050950,0.78
INV-H3-000055,0,,1356475,1356475,0.84
INV-H3-000056,0,,2316310,2316310,0.78
INV-H3-000057,0,,2522185,2522185,0.78
INV-H3-000058,0,,3176856,3176856,0.78
INV-H3-000059,0,,4533925,4533925,0.78
INV-H3-000060,0,,2186260,2186260,0.82
INV-H3-000062,0,,2046525,2046525,0.78
INV-H3-000063,0,,1608750,1608750,0.84
INV-H3-000064,1,malformed_service_date|unit_price_mismatch|volume_discount_incorrectly_applied,,1413981,0.5
INV-H3-000065,0,,4144800,4144800,0.78
INV-H3-000066,1,premium_omitted|unit_price_mismatch,,1563198,0.5
INV-H3-000067,1,daily_cap_exceeded,,2127583,0.5
INV-H3-000068,0,,3582177,3582177,0.78
INV-H3-000069,0,,1948889,1948889,0.84
INV-H3-000070,0,,5801500,5801500,0.72
INV-H3-000072,0,,2149805,2149805,0.82
INV-H3-000073,0,,5710575,5710575,0.78
INV-H3-000074,0,,2059630,2059630,0.77
INV-H3-000075,0,,1177124,1177124,0.78
INV-H3-000076,0,,2139789,2139789,0.78
INV-H3-000078,0,,4439952,4439952,0.63
INV-H3-000079,0,,2659250,2659250,0.78
INV-H3-000080,0,,3198350,3198350,0.78
INV-H3-000081,0,,2271606,2271606,0.84
INV-H3-000084,0,,4270818,4270818,0.68
INV-H3-000087,0,,3266259,3266259,0.84
INV-H3-000088,0,,4111813,4111813,0.72
INV-H3-000093,1,daily_cap_exceeded|line_total_arithmetic|unknown_service,,6133006,0.35
INV-H3-000094,0,,2092468,2092468,0.72
INV-H3-000097,0,,1000564,1000564,0.78
INV-H3-000099,0,,2625691,2625691,0.82
INV-H3-000100,0,,2109675,2109675,0.78
INV-H3-000105,0,,1192953,1192953,0.84
INV-H3-000109,0,,5408087,5408087,0.68
INV-H3-000111,0,,2383875,2383875,0.82
INV-H3-000113,0,,5731381,5731381,0.82
INV-H3-000115,0,,2667417,2667417,0.76
INV-H3-000116,0,,4073539,4073539,0.78
INV-H3-000119,0,,3946345,3946345,0.82
INV-H3-000120,0,,2310243,2310243,0.82
INV-H3-000121,0,,3402473,3402473,0.71
INV-H3-000122,0,,5179244,5179244,0.82
INV-H3-000128,1,contract_number_mismatch,,881729,0.5
INV-H3-000133,0,,1012000,1012000,0.84
INV-H3-000139,0,,2278850,2278850,0.84
INV-H3-000140,1,invoice_total_mismatch|service_date_out_of_window|unit_price_mismatch,,1739448,0.5
INV-H3-000145,0,,678827,678827,0.82
INV-H3-000153,0,,267839,267839,0.82
INV-H3-000162,0,,715835,715835,0.76
INV-H3-000166,0,,667075,667075,0.84
INV-H3-000173,0,,2611235,2611235,0.72
INV-H3-000178,0,,1664920,1664920,0.82
INV-H3-000186,0,,1192225,1192225,0.76
INV-H3-000189,0,,1668701,1668701,0.78
INV-H3-000191,0,,1130450,1130450,0.84
INV-H3-000192,0,,895350,895350,0.84
INV-H3-000194,0,,2276804,2276804,0.72
INV-H3-000206,0,,967030,967030,0.78
INV-H3-000208,0,,2132220,2132220,0.78
INV-H3-000211,0,,1435800,1435800,0.84
INV-H3-000213,0,,1888375,1888375,0.78
INV-H3-000221,1,service_date_after_invoice_date|unit_price_mismatch,,2882235,0.5
INV-H3-000222,0,,1062375,1062375,0.84
INV-H3-000226,1,premium_omitted|unit_price_mismatch,,2782237,0.5
INV-H3-000233,0,,2454675,2454675,0.78
INV-H3-000235,0,,1007120,1007120,0.78
INV-H3-000236,1,daily_cap_exceeded,,3145160,0.5
INV-H3-000241,0,,2422456,2422456,0.82
INV-H3-000242,0,,1954782,1954782,0.84
INV-H3-000247,0,,2467420,2467420,0.82
INV-H3-000254,0,,4473568,4473568,0.84
INV-H3-000255,0,,1758575,1758575,0.84
INV-H3-000256,0,,3038692,3038692,0.82
INV-H3-000257,0,,2063175,2063175,0.84
INV-H3-000260,0,,1972756,1972756,0.82
INV-H3-000262,1,unit_price_mismatch,,4801913,0.5
INV-H3-000267,0,,1268756,1268756,0.84
INV-H3-000268,0,,1055840,1055840,0.76
INV-H3-000270,0,,1420122,1420122,0.76
INV-H3-000274,0,,2246868,2246868,0.82
INV-H3-000277,1,cross_invoice_duplicate|service_date_after_invoice_date|wrong_unit_basis,,2833247,0.5
INV-H3-000278,0,,4185298,4185298,0.78
INV-H3-000279,0,,2675759,2675759,0.82
INV-H3-000283,1,bundle_not_applied|unit_price_mismatch,,4428835,0.5
INV-H3-000284,1,line_total_arithmetic|wrong_unit_basis,,4960090,0.35
INV-H3-000286,0,,2583800,2583800,0.82
INV-H3-000289,0,,2079560,2079560,0.76
INV-H3-000292,0,,3120806,3120806,0.78
INV-H3-000294,0,,1846274,1846274,0.76
INV-H3-000298,0,,1280597,1280597,0.82
INV-H3-000301,0,,584765,584765,0.82
INV-H3-000302,0,,2851784,2851784,0.76
INV-H3-000303,0,,2398761,2398761,0.78
INV-H3-000307,0,,2979876,2979876,0.76
INV-H3-000309,0,,1255941,1255941,0.84
INV-H3-000313,0,,1656090,1656090,0.76
INV-H3-000316,0,,2965511,2965511,0.76
INV-H3-000317,0,,1409111,1409111,0.82
INV-H3-000319,0,,1994444,1994444,0.71
INV-H3-000320,0,,3519298,3519298,0.76
INV-H3-000321,0,,809375,809375,0.78
INV-H3-000323,0,,4914608,4914608,0.76
INV-H3-000325,0,,4438825,4438825,0.76
INV-H3-000326,0,,1176004,1176004,0.76
INV-H3-000327,0,,2881395,2881395,0.78
INV-H3-000329,0,,5813300,5813300,0.82
INV-H3-000330,0,,3100873,3100873,0.82
INV-H3-000332,1,malformed_service_date|unit_price_mismatch,,4925293,0.5
INV-H3-000333,0,,1677524,1677524,0.84
INV-H3-000335,0,,3284145,3284145,0.72
INV-H3-000337,0,,1678515,1678515,0.84
INV-H3-000338,0,,3561443,3561443,0.78
INV-H3-000340,1,contract_number_mismatch,,3870957,0.5
INV-H3-000341,0,,1351390,1351390,0.82
INV-H3-000344,1,unit_price_mismatch,3052251,3057951,0.78
INV-H3-000346,0,,2421974,2421974,0.78
INV-H3-000347,1,daily_cap_exceeded|premium_incorrectly_applied|unit_price_mismatch|wrong_unit_basis,,1822098,0.5
INV-H3-000348,0,,1258643,1258643,0.84
INV-H3-000349,0,,3318030,3318030,0.76
INV-H3-000351,1,malformed_service_date,,940257,0.5
INV-H3-000353,0,,3005067,3005067,0.76
INV-H3-000355,0,,2542679,2542679,0.82
INV-H3-000356,0,,893175,893175,0.76
INV-H3-000357,0,,724170,724170,0.78
INV-H3-000359,0,,1321233,1321233,0.76
INV-H3-000360,0,,1872785,1872785,0.78
INV-H3-000361,0,,680391,680391,0.76
INV-H3-000362,0,,2478315,2478315,0.78
INV-H3-000363,0,,2021865,2021865,0.82
INV-H3-000364,0,,717492,717492,0.82
INV-H3-000365,0,,2076880,2076880,0.84
INV-H3-000366,0,,1721197,1721197,0.82
INV-H3-000367,1,wrong_unit_basis,,1226552,0.5
INV-H3-000369,0,,987804,987804,0.82
INV-H3-000370,0,,1644625,1644625,0.84
INV-H3-000371,1,line_total_arithmetic|service_date_after_invoice_date|service_date_out_of_window|wrong_unit_basis,,757680,0.5
INV-H3-000373,0,,2974080,2974080,0.79
INV-H3-000374,0,,2207638,2207638,0.76
INV-H3-000375,1,line_total_arithmetic|unit_price_mismatch,,3934697,0.5
INV-H3-000377,0,,1450513,1450513,0.76
INV-H3-000379,0,,3426839,3426839,0.76
INV-H3-000380,0,,2527400,2527400,0.78
INV-H3-000382,0,,2422535,2422535,0.82
INV-H3-000384,0,,1841225,1841225,0.84
INV-H3-000385,0,,1162656,1162656,0.76
INV-H3-000387,0,,1167943,1167943,0.76
INV-H3-000390,0,,3011640,3011640,0.78
INV-H3-000392,0,,6412428,6412428,0.68
INV-H3-000393,0,,1479500,1479500,0.84
INV-H3-000396,0,,4882503,4882503,0.82
INV-H3-000401,0,,2289619,2289619,0.76
INV-H3-000402,0,,1030376,1030376,0.84
INV-H3-000403,0,,1723380,1723380,0.82
INV-H3-000406,0,,1330794,1330794,0.76
INV-H3-000408,0,,3571126,3571126,0.78
INV-H3-000409,0,,847213,847213,0.84
INV-H3-000410,0,,2640415,2640415,0.71
INV-H3-000411,0,,2285301,2285301,0.76
INV-H3-000414,0,,2582215,2582215,0.78
INV-H3-000417,0,,3108901,3108901,0.72
INV-H3-000419,0,,4102600,4102600,0.78
INV-H3-000420,0,,3515258,3515258,0.76
INV-H3-000422,0,,2027914,2027914,0.82
INV-H3-000423,0,,5380751,5380751,0.76
INV-H3-000424,0,,1658950,1658950,0.78
INV-H3-000425,1,wrong_unit_basis,,2704525,0.5
INV-H3-000427,1,daily_cap_exceeded|premium_omitted|unit_price_mismatch,,3691222,0.5
INV-H3-000431,0,,2216726,2216726,0.82
INV-H3-000433,0,,3852667,3852667,0.72
INV-H3-000434,0,,2688649,2688649,0.78
INV-H3-000435,0,,4711705,4711705,0.82
INV-H3-000436,0,,2701125,2701125,0.78
INV-H3-000437,0,,2947453,2947453,0.82
INV-H3-000438,0,,1846603,1846603,0.76
INV-H3-000440,0,,1837069,1837069,0.78
INV-H3-000441,0,,1325956,1325956,0.82
INV-H3-000442,0,,3988025,3988025,0.78
INV-H3-000445,0,,1187550,1187550,0.84
INV-H3-000446,0,,3993475,3993475,0.76
INV-H3-000450,1,premium_omitted|unit_price_mismatch,,4008686,0.5
INV-H3-000452,0,,3479088,3479088,0.76
INV-H3-000453,0,,4896846,4896846,0.84
INV-H3-000454,0,,1592850,1592850,0.76
INV-H3-000455,0,,4208045,4208045,0.72
INV-H3-000457,0,,4279312,4279312,0.82
INV-H3-000458,0,,2222984,2222984,0.82
INV-H3-000460,0,,3160198,3160198,0.78
INV-H3-000461,0,,5519752,5519752,0.82
INV-H3-000462,0,,1439683,1439683,0.71
INV-H3-000463,0,,3219053,3219053,0.78
INV-H3-000465,0,,4251715,4251715,0.72
INV-H3-000466,0,,2459354,2459354,0.78
INV-H3-000467,0,,1703992,1703992,0.82
INV-H3-000468,0,,5886647,5886647,0.78
INV-H3-000469,0,,1587110,1587110,0.84
INV-H3-000470,0,,1300815,1300815,0.82
INV-H3-000472,0,,5596705,5596705,0.78
INV-H3-000473,0,,3656652,3656652,0.78
INV-H3-000474,0,,2078701,2078701,0.82
INV-H3-000475,0,,2980293,2980293,0.82
INV-H3-000476,0,,3087010,3087010,0.76
INV-H3-000477,0,,2486155,2486155,0.84
INV-H3-000478,0,,1588911,1588911,0.82
INV-H3-000480,0,,1405764,1405764,0.82
INV-H3-000481,0,,3132194,3132194,0.76
INV-H3-000483,0,,3628363,3628363,0.82
INV-H3-000484,0,,2857716,2857716,0.76
INV-H3-000485,0,,3810575,3810575,0.78
INV-H3-000486,0,,3549214,3549214,0.78
INV-H3-000487,0,,1542510,1542510,0.78
INV-H3-000488,0,,1587190,1587190,0.78
INV-H3-000489,0,,4410294,4410294,0.82
INV-H3-000490,0,,4635311,4635311,0.76
INV-H3-000492,0,,3939718,3939718,0.76
INV-H3-000493,0,,2162917,2162917,0.77
INV-H3-000494,0,,4625479,4625479,0.76
INV-H3-000495,0,,4155233,4155233,0.7
INV-H3-000496,0,,1460292,1460292,0.82
INV-H3-000498,0,,746800,746800,0.72
INV-H3-000499,0,,2510715,2510715,0.72
INV-H3-000500,0,,1543999,1543999,0.82
INV-H3-000501,0,,4838595,4838595,0.72
INV-H3-000502,0,,2890857,2890857,0.76
INV-H3-000503,0,,1983675,1983675,0.78
INV-H3-000504,0,,1571425,1571425,0.82
INV-H3-000505,0,,2146935,2146935,0.82
INV-H3-000507,0,,2111931,2111931,0.76
INV-H3-000508,0,,5882488,5882488,0.76
INV-H3-000509,0,,1606500,1606500,0.78
INV-H3-000510,0,,3190771,3190771,0.78
INV-H3-000511,1,service_date_after_invoice_date,3275914,3275914,0.76
INV-H3-000512,0,,3022326,3022326,0.82
INV-H3-000513,0,,1009369,1009369,0.82
INV-H3-000514,0,,1052504,1052504,0.84
INV-H3-000515,0,,3852464,3852464,0.78
INV-H3-000516,1,premium_incorrectly_applied|unit_price_mismatch,2585662,2630209,0.76
INV-H3-000518,0,,962297,962297,0.84
INV-H3-000519,1,service_date_after_invoice_date|wrong_unit_basis,,5156320,0.35
INV-H3-000520,0,,934154,934154,0.7
INV-H3-000522,0,,1646077,1646077,0.76
INV-H3-000523,0,,5465371,5465371,0.82
INV-H3-000524,0,,3069495,3069495,0.82
INV-H3-000525,0,,2813784,2813784,0.78
INV-H3-000526,0,,2351240,2351240,0.76
INV-H3-000527,0,,4451577,4451577,0.76
INV-H3-000528,1,premium_omitted|unit_price_mismatch|wrong_unit_basis,,5335500,0.5
INV-H3-000529,0,,5138061,5138061,0.82
INV-H3-000531,0,,1349824,1349824,0.76
INV-H3-000532,0,,2162095,2162095,0.84
INV-H3-000533,0,,3120689,3120689,0.78
INV-H3-000534,0,,2294208,2294208,0.82
INV-H3-000535,0,,1661983,1661983,0.82
INV-H3-000537,0,,5535363,5535363,0.78
INV-H3-000540,0,,5031053,5031053,0.76
INV-H3-000541,0,,5042950,5042950,0.78
INV-H3-000543,0,,4273409,4273409,0.76
INV-H3-000544,0,,1496585,1496585,0.82
INV-H3-000545,0,,1992091,1992091,0.82
INV-H3-000547,0,,1793479,1793479,0.82
INV-H3-000548,0,,3780600,3780600,0.78
INV-H3-000549,0,,632222,632222,0.84
INV-H3-000550,0,,2112615,2112615,0.82
INV-H3-000552,0,,2129160,2129160,0.76
INV-H3-000554,0,,896743,896743,0.82
INV-H3-000555,0,,4569560,4569560,0.72
INV-H3-000556,0,,3215828,3215828,0.76
INV-H3-000557,0,,946635,946635,0.84
INV-H3-000558,0,,2223251,2223251,0.82
INV-H3-000559,0,,1222949,1222949,0.82
INV-H3-000560,0,,1914351,1914351,0.76
INV-H3-000561,0,,5976733,5976733,0.77
INV-H3-000562,0,,1326928,1326928,0.82
INV-H3-000563,0,,1630315,1630315,0.82
INV-H3-000564,0,,2089596,2089596,0.7
INV-H3-000565,1,daily_cap_exceeded|unit_price_mismatch,,1543378,0.35
INV-H3-000566,0,,2355847,2355847,0.7
INV-H3-000568,0,,3255149,3255149,0.71
INV-H3-000570,0,,3537739,3537739,0.82
INV-H3-000571,0,,1000673,1000673,0.7
INV-H3-000572,0,,4585023,4585023,0.7
INV-H3-000573,0,,1617505,1617505,0.78
INV-H3-000574,0,,3886102,3886102,0.82
INV-H3-000575,0,,2133408,2133408,0.82
INV-H3-000576,0,,4165113,4165113,0.78
INV-H3-000577,0,,2116580,2116580,0.82
INV-H3-000578,0,,2599242,2599242,0.78
INV-H3-000579,0,,1735230,1735230,0.78
INV-H3-000580,0,,3746399,3746399,0.76
INV-H3-000581,0,,1626740,1626740,0.7
INV-H3-000582,0,,2791270,2791270,0.76
INV-H3-000583,0,,2040792,2040792,0.82
INV-H3-000584,0,,2568524,2568524,0.76
INV-H3-000586,0,,1714262,1714262,0.82
INV-H3-000587,0,,2548460,2548460,0.72
INV-H3-000588,0,,4209747,4209747,0.7
INV-H3-000589,0,,1413600,1413600,0.84
INV-H3-000590,0,,1062716,1062716,0.82
INV-H3-000591,0,,2326614,2326614,0.82
INV-H3-000592,0,,2351950,2351950,0.84
INV-H3-000593,0,,2946528,2946528,0.78
INV-H3-000594,0,,2622423,2622423,0.82
INV-H3-000595,0,,3212435,3212435,0.72
INV-H3-000596,1,invoice_total_mismatch|unit_price_mismatch,1221425,1353425,0.84
INV-H3-000597,0,,2763642,2763642,0.76
INV-H3-000598,0,,4266606,4266606,0.68
INV-H3-000599,0,,3952368,3952368,0.82
INV-H3-000600,1,premium_incorrectly_applied|unit_price_mismatch,,1181936,0.5
INV-H3-000602,0,,2903585,2903585,0.78
INV-H3-000603,0,,4087951,4087951,0.72
INV-H3-000604,0,,1460397,1460397,0.78
INV-H3-000605,0,,5188179,5188179,0.71
INV-H3-000606,0,,1715630,1715630,0.76
INV-H3-000607,0,,1683196,1683196,0.72
INV-H3-000608,0,,4687781,4687781,0.78
INV-H3-000609,0,,3958061,3958061,0.82
INV-H3-000611,0,,2620672,2620672,0.72
INV-H3-000612,0,,2605415,2605415,0.76
INV-H3-000613,0,,3899556,3899556,0.78
INV-H3-000614,0,,3531410,3531410,0.78
INV-H3-000616,0,,2455618,2455618,0.78
INV-H3-000619,1,cross_invoice_duplicate|daily_cap_exceeded|unknown_service,,3116724,0.35
INV-H3-000620,0,,1673940,1673940,0.82
INV-H3-000621,0,,2670404,2670404,0.76
INV-H3-000622,0,,668775,668775,0.84
INV-H3-000623,0,,1904016,1904016,0.76
INV-H3-000624,0,,3025727,3025727,0.76
INV-H3-000626,0,,722107,722107,0.82
INV-H3-000627,0,,4290205,4290205,0.82
INV-H3-000629,0,,2215821,2215821,0.76
INV-H3-000630,0,,2472360,2472360,0.78
INV-H3-000631,0,,2339462,2339462,0.78
INV-H3-000632,0,,2624830,2624830,0.78
INV-H3-000633,0,,1510337,1510337,0.78
INV-H3-000634,0,,2123742,2123742,0.82
INV-H3-000635,0,,936631,936631,0.72
INV-H3-000636,0,,1955525,1955525,0.76
INV-H3-000637,0,,3055685,3055685,0.82
INV-H3-000638,0,,2890956,2890956,0.78
INV-H3-000639,0,,2652090,2652090,0.76
INV-H3-000640,0,,1302601,1302601,0.82
INV-H3-000641,0,,1674515,1674515,0.82
INV-H3-000642,0,,995375,995375,0.76
INV-H3-000644,0,,3316764,3316764,0.78
INV-H3-000645,0,,4570371,4570371,0.76
INV-H3-000646,0,,1914630,1914630,0.82
INV-H3-000647,0,,3947500,3947500,0.76
INV-H3-000648,0,,5192171,5192171,0.78
INV-H3-000649,0,,3415809,3415809,0.78
INV-H3-000650,0,,2499927,2499927,0.76
INV-H3-000651,0,,1936547,1936547,0.82
INV-H3-000652,0,,1065969,1065969,0.7
INV-H3-000654,0,,5481069,5481069,0.78
INV-H3-000655,0,,3114597,3114597,0.76
INV-H3-000656,0,,1487115,1487115,0.82
INV-H3-000657,0,,672625,672625,0.84
INV-H3-000658,0,,1482129,1482129,0.82
INV-H3-000659,1,line_total_arithmetic,3719703,3694703,0.78
INV-H3-000660,0,,4491167,4491167,0.78
INV-H3-000661,0,,880809,880809,0.82
INV-H3-000663,0,,4226294,4226294,0.72
INV-H3-000664,0,,566596,566596,0.84
INV-H3-000665,0,,3494543,3494543,0.72
INV-H3-000666,0,,1446606,1446606,0.82
INV-H3-000667,0,,3092945,3092945,0.76
INV-H3-000668,0,,3587878,3587878,0.76
INV-H3-000669,0,,514363,514363,0.82
INV-H3-000670,0,,5265208,5265208,0.78
INV-H3-000671,0,,2958561,2958561,0.72
INV-H3-000672,0,,995793,995793,0.82
INV-H3-000673,0,,4225099,4225099,0.78
INV-H3-000674,0,,3398905,3398905,0.78
INV-H3-000675,0,,3301921,3301921,0.78
INV-H3-000676,1,bundle_not_applied|unit_price_mismatch,3815132,3978332,0.78
INV-H3-000678,0,,3242274,3242274,0.82
INV-H3-000681,1,line_total_arithmetic|service_date_out_of_window|wrong_unit_basis,,2132554,0.5
INV-H3-000682,0,,1879175,1879175,0.82
INV-H3-000683,0,,4193370,4193370,0.82
INV-H3-000684,0,,3962076,3962076,0.82
INV-H3-000685,0,,2811475,2811475,0.72
INV-H3-000686,0,,1507477,1507477,0.82
INV-H3-000687,1,unknown_service,,4845729,0.35
INV-H3-000688,0,,1626005,1626005,0.82
INV-H3-000689,0,,4240534,4240534,0.72
INV-H3-000690,0,,4065707,4065707,0.78
INV-H3-000691,0,,4897794,4897794,0.76
INV-H3-000693,0,,2568521,2568521,0.84
INV-H3-000694,0,,3730941,3730941,0.76
INV-H3-000695,0,,4156121,4156121,0.76
INV-H3-000696,0,,3157541,3157541,0.82
INV-H3-000697,0,,4006602,4006602,0.76
INV-H3-000698,0,,3137774,3137774,0.7
INV-H3-000699,0,,1467283,1467283,0.76
INV-H3-000700,0,,4189369,4189369,0.78
INV-H3-000701,0,,1027208,1027208,0.82
INV-H3-000702,0,,3242872,3242872,0.76
INV-H3-000706,1,unit_price_mismatch|wrong_unit_basis,,5393761,0.5
INV-H3-000707,0,,1488925,1488925,0.84
INV-H3-000710,0,,2337448,2337448,0.82
INV-H3-000711,0,,2972890,2972890,0.72
INV-H3-000712,0,,5427346,5427346,0.76
INV-H3-000713,0,,516575,516575,0.78
INV-H3-000714,0,,2417803,2417803,0.78
INV-H3-000715,0,,2589505,2589505,0.84
INV-H3-000716,1,unit_price_mismatch,1446155,1461455,0.71
INV-H3-000717,1,premium_incorrectly_applied|unit_price_mismatch,4131789,4154396,0.82
INV-H3-000718,0,,3895001,3895001,0.76
INV-H3-000719,0,,1412244,1412244,0.84
INV-H3-000720,0,,2304088,2304088,0.82
INV-H3-000721,0,,4519168,4519168,0.76
INV-H3-000722,0,,2691831,2691831,0.76
INV-H3-000724,0,,2629947,2629947,0.76
INV-H3-000725,0,,2153261,2153261,0.78
INV-H3-000727,0,,2743756,2743756,0.82
INV-H3-000728,0,,3578751,3578751,0.76
INV-H3-000729,0,,3475503,3475503,0.72
INV-H3-000730,0,,4427478,4427478,0.76
INV-H3-000731,0,,1111588,1111588,0.82
INV-H3-000732,0,,2789905,2789905,0.72
INV-H3-000733,0,,3593776,3593776,0.84
INV-H3-000735,0,,3087663,3087663,0.76
INV-H3-000736,0,,3137830,3137830,0.76
INV-H3-000737,0,,3064153,3064153,0.82
INV-H3-000738,0,,2919602,2919602,0.82
INV-H3-000739,0,,4242242,4242242,0.78
INV-H3-000740,0,,602853,602853,0.82
INV-H3-000741,0,,2915819,2915819,0.76
INV-H3-000742,0,,3466104,3466104,0.76
INV-H3-000743,0,,3790418,3790418,0.76
INV-H3-000744,0,,4264192,4264192,0.78
INV-H3-000746,0,,381317,381317,0.76
INV-H3-000748,0,,1554665,1554665,0.82
INV-H3-000749,1,service_date_after_invoice_date|service_date_out_of_window|unit_price_mismatch|volume_discount_omitted,2628281,3780850,0.84
INV-H3-000750,0,,4599898,4599898,0.82
INV-H3-000751,0,,5760591,5760591,0.78
INV-H3-000753,0,,3093941,3093941,0.82
INV-H3-000754,0,,1819057,1819057,0.82
INV-H3-000755,0,,3156586,3156586,0.76
INV-H3-000756,0,,2393158,2393158,0.76
INV-H3-000759,0,,2342309,2342309,0.84
INV-H3-000760,0,,724790,724790,0.82
INV-H3-000761,0,,4257105,4257105,0.76
INV-H3-000763,0,,930293,930293,0.76
INV-H3-000764,0,,3031701,3031701,0.76
INV-H3-000765,0,,1784079,1784079,0.76
INV-H3-000767,0,,1823255,1823255,0.7
INV-H3-000768,0,,2840599,2840599,0.82
INV-H3-000769,0,,881425,881425,0.76
INV-H3-000770,0,,618253,618253,0.76
INV-H3-000771,0,,3494704,3494704,0.78
INV-H3-000772,0,,3024830,3024830,0.84
INV-H3-000773,0,,4715934,4715934,0.82
INV-H3-000774,0,,1183376,1183376,0.82
INV-H3-000775,0,,3676865,3676865,0.76
INV-H3-000776,0,,2524245,2524245,0.7
INV-H3-000777,0,,6149897,6149897,0.82
INV-H3-000778,0,,2455565,2455565,0.76
INV-H3-000780,0,,2384030,2384030,0.76
INV-H3-000781,1,contract_number_mismatch|wrong_unit_basis,,2969025,0.35
INV-H3-000782,1,service_date_after_invoice_date,4628823,4628823,0.78
INV-H3-000783,0,,2018521,2018521,0.78
INV-H3-000785,1,unknown_service,,2366751,0.35
INV-H3-000786,0,,2554654,2554654,0.82
INV-H3-000787,1,service_date_after_invoice_date,4234549,4234549,0.78
INV-H3-000788,1,bundle_not_applied|unit_price_mismatch,3319912,3407112,0.82
INV-H3-000789,1,line_total_arithmetic|unit_price_mismatch,,1888897,0.5
INV-H3-000790,0,,2284197,2284197,0.78
INV-H3-000791,0,,3873519,3873519,0.72
INV-H3-000792,0,,873775,873775,0.84
INV-H3-000793,0,,2536612,2536612,0.82
INV-H3-000794,1,invoice_total_mismatch,,1424664,0.5
INV-H3-000795,0,,2317885,2317885,0.76
INV-H3-000798,0,,2932721,2932721,0.82
INV-H3-000799,0,,6406346,6406346,0.7
INV-H3-000800,0,,5046666,5046666,0.76
INV-H3-000802,0,,760223,760223,0.82
INV-H3-000803,0,,3222887,3222887,0.76
INV-H3-000804,0,,2767967,2767967,0.72
INV-H3-000805,0,,3710659,3710659,0.72
INV-H3-000806,0,,3278600,3278600,0.84
INV-H3-000807,0,,1858924,1858924,0.82
INV-H3-000808,0,,1261397,1261397,0.82
INV-H3-000811,0,,1836130,1836130,0.76
INV-H3-000812,0,,1244190,1244190,0.78
INV-H3-000814,0,,3200185,3200185,0.78
INV-H3-000815,0,,3254914,3254914,0.68
INV-H3-000816,1,invoice_total_mismatch,2622469,2623469,0.68
INV-H3-000817,1,premium_omitted|unit_price_mismatch,3404015,3315287,0.76
INV-H3-000818,0,,5275580,5275580,0.76
INV-H3-000819,0,,2291285,2291285,0.78
INV-H3-000820,0,,1426437,1426437,0.78
INV-H3-000821,0,,2767982,2767982,0.78
INV-H3-000823,0,,1198551,1198551,0.83
INV-H3-000824,0,,4118783,4118783,0.7
INV-H3-000825,0,,1304445,1304445,0.76
INV-H3-000826,0,,3377308,3377308,0.76
INV-H3-000828,0,,970340,970340,0.72
INV-H3-000829,0,,1971132,1971132,0.82
INV-H3-000830,0,,5252450,5252450,0.76
INV-H3-000831,0,,1894994,1894994,0.78
INV-H3-000832,0,,2325283,2325283,0.76
INV-H3-000833,0,,5333990,5333990,0.72
INV-H3-000834,1,service_date_out_of_window|unit_price_mismatch,3340474,3370659,0.82
INV-H3-000835,0,,3258589,3258589,0.82
INV-H3-000837,1,malformed_service_date|wrong_unit_basis,,932171,0.45
INV-H3-000838,0,,1182311,1182311,0.76
INV-H3-000840,0,,2198182,2198182,0.67
INV-H3-000841,0,,2222152,2222152,0.82
INV-H3-000842,1,cross_invoice_duplicate|service_date_out_of_window|unit_price_mismatch|volume_discount_omitted,,2783025,0.5
INV-H3-000843,0,,1235319,1235319,0.76
INV-H3-000845,0,,2708497,2708497,0.78
INV-H3-000846,0,,4669641,4669641,0.82
INV-H3-000847,0,,2082753,2082753,0.72
INV-H3-000850,0,,5026295,5026295,0.76
INV-H3-000851,0,,3261972,3261972,0.76
INV-H3-000852,0,,2188525,2188525,0.78
INV-H3-000853,0,,750465,750465,0.82
INV-H3-000854,0,,1300618,1300618,0.76
INV-H3-000855,0,,598343,598343,0.7
INV-H3-000857,0,,4031755,4031755,0.72
INV-H3-000858,0,,4117434,4117434,0.82
INV-H3-000859,0,,929398,929398,0.82
INV-H3-000860,0,,1550156,1550156,0.76
INV-H3-000861,0,,2950086,2950086,0.82
INV-H3-000863,0,,657175,657175,0.78
INV-H3-000864,0,,4957347,4957347,0.72
INV-H3-000866,0,,2501760,2501760,0.78
INV-H3-000868,0,,3319399,3319399,0.82
INV-H3-000870,0,,2075936,2075936,0.67
INV-H3-000871,0,,3470455,3470455,0.82
INV-H3-000872,0,,5207506,5207506,0.76
INV-H3-000873,0,,4007328,4007328,0.76
INV-H3-000874,0,,3229314,3229314,0.78
INV-H3-000875,0,,3748325,3748325,0.78
INV-H3-000876,0,,3476986,3476986,0.82
INV-H3-000878,0,,3762504,3762504,0.78
INV-H3-000879,1,service_date_after_invoice_date|service_date_out_of_window,3718750,3718750,0.78
INV-H3-000881,0,,1632800,1632800,0.76
INV-H3-000882,0,,1770462,1770462,0.78
INV-H3-000883,0,,1765247,1765247,0.76
INV-H3-000884,0,,3148530,3148530,0.76
INV-H3-000885,0,,2107517,2107517,0.82
INV-H3-000886,0,,4669482,4669482,0.7
INV-H3-000887,0,,3561548,3561548,0.72
INV-H3-000888,0,,813251,813251,0.84
INV-H3-000889,0,,1053370,1053370,0.82
INV-H3-000891,0,,3024155,3024155,0.78
INV-H3-000892,0,,1009674,1009674,0.78
INV-H3-000893,0,,3387265,3387265,0.82
INV-H3-000894,0,,2610416,2610416,0.76
INV-H3-000895,0,,1329656,1329656,0.76
INV-H3-000896,0,,2155380,2155380,0.78
INV-H3-000897,0,,2833994,2833994,0.82
INV-H3-000898,0,,3808756,3808756,0.76
INV-H3-000899,0,,1543629,1543629,0.77
INV-H3-000900,0,,2769562,2769562,0.76
INV-H3-000901,0,,2043225,2043225,0.78
INV-H3-000902,0,,1562901,1562901,0.84
INV-H3-000903,0,,2067395,2067395,0.78
INV-H3-000904,0,,2428975,2428975,0.84
INV-H3-000905,0,,3125341,3125341,0.76
INV-H3-000906,0,,4013496,4013496,0.78
INV-H3-000907,0,,951492,951492,0.82
INV-H3-000908,0,,3555714,3555714,0.76
INV-H3-000909,0,,922816,922816,0.82
INV-H3-000910,0,,2491406,2491406,0.82
INV-H3-000911,0,,3501125,3501125,0.76
INV-H3-000912,0,,2291674,2291674,0.82
INV-H3-000913,0,,2594630,2594630,0.76
INV-H3-000914,0,,2567199,2567199,0.72
INV-H3-000915,0,,2276481,2276481,0.78
INV-H3-000916,0,,2426045,2426045,0.72
INV-H3-000918,0,,4167031,4167031,0.7
INV-H3-000920,0,,3225018,3225018,0.76
INV-H3-000922,0,,4305802,4305802,0.78
INV-H3-000923,0,,2013042,2013042,0.84
INV-H3-000925,1,bundle_not_applied|unit_price_mismatch|wrong_unit_basis,,4378954,0.5
INV-H3-000926,0,,4230770,4230770,0.7
INV-H3-000928,0,,4661382,4661382,0.76
INV-H3-000929,0,,1543690,1543690,0.78
INV-H3-000930,0,,2183668,2183668,0.84
INV-H3-000931,0,,876385,876385,0.82
INV-H3-000932,0,,2288377,2288377,0.82
INV-H3-000933,0,,1504813,1504813,0.76
INV-H3-000934,1,service_date_after_invoice_date,,887050,0.5
INV-H3-000935,1,cross_invoice_duplicate|malformed_service_date|unknown_service,,4316041,0.35
INV-H3-000936,0,,3110365,3110365,0.72
INV-H3-000938,0,,3317874,3317874,0.76
INV-H4-000001,0,,1684325,1684325,0.78
INV-H4-000003,1,wrong_unit_basis,,2990225,0.5
INV-H4-000004,0,,4541425,4541425,0.76
INV-H4-000005,0,,1061450,1061450,0.78
INV-H4-000006,1,invoice_total_mismatch,,640175,0.5
INV-H4-000008,1,service_date_after_invoice_date|unit_price_mismatch,3259925,3525273,0.84
INV-H4-000009,0,,3544989,3544989,0.78
INV-H4-000010,0,,4801591,4801591,0.78
INV-H4-000011,0,,2887300,2887300,0.78
INV-H4-000013,0,,2946850,2946850,0.76
INV-H4-000014,0,,2658825,2658825,0.84
INV-H4-000015,0,,3635025,3635025,0.78
INV-H4-000016,0,,3234050,3234050,0.78
INV-H4-000017,1,line_total_arithmetic,4964975,4939975,0.78
INV-H4-000018,0,,1493475,1493475,0.84
INV-H4-000019,0,,1312175,1312175,0.84
INV-H4-000021,0,,2524150,2524150,0.84
INV-H4-000022,0,,2760525,2760525,0.84
INV-H4-000024,0,,1381558,1381558,0.84
INV-H4-000025,0,,729989,729989,0.78
INV-H4-000026,0,,3085997,3085997,0.78
INV-H4-000027,0,,3087600,3087600,0.72
INV-H4-000028,0,,1136750,1136750,0.76
INV-H4-000029,0,,819175,819175,0.78
INV-H4-000030,0,,1854450,1854450,0.84
INV-H4-000031,0,,1691400,1691400,0.72
INV-H4-000032,0,,433650,433650,0.72
INV-H4-000033,0,,3745725,3745725,0.84
INV-H4-000034,0,,3938675,3938675,0.78
INV-H4-000035,0,,4272200,4272200,0.78
INV-H4-000036,0,,2580775,2580775,0.72
INV-H4-000037,0,,4330300,4330300,0.78
INV-H4-000038,0,,2275900,2275900,0.84
INV-H4-000039,0,,3695050,3695050,0.78
INV-H4-000040,0,,4906925,4906925,0.76
INV-H4-000041,0,,2268000,2268000,0.78
INV-H4-000042,0,,3924275,3924275,0.72
INV-H4-000043,0,,1803400,1803400,0.78
INV-H4-000044,0,,2826210,2826210,0.76
INV-H4-000045,0,,2151575,2151575,0.84
INV-H4-000046,0,,2192275,2192275,0.78
INV-H4-000047,0,,3509309,3509309,0.72
INV-H4-000048,0,,1024025,1024025,0.72
INV-H4-000049,0,,2746450,2746450,0.84
INV-H4-000050,0,,3023285,3023285,0.78
INV-H4-000052,0,,2886250,2886250,0.72
INV-H4-000053,1,unknown_service|wrong_unit_basis,,3818450,0.35
INV-H4-000054,0,,1927440,1927440,0.78
INV-H4-000055,0,,3426725,3426725,0.78
INV-H4-000059,0,,822175,822175,0.84
INV-H4-000061,0,,1590875,1590875,0.84
INV-H4-000063,0,,2568575,2568575,0.72
INV-H4-000065,0,,540310,540310,0.84
INV-H4-000068,0,,1482320,1482320,0.84
INV-H4-000069,0,,3522700,3522700,0.78
INV-H4-000072,0,,1932625,1932625,0.84
INV-H4-000074,1,unit_price_mismatch,,3497250,0.5
INV-H4-000076,0,,1949250,1949250,0.84
INV-H4-000077,0,,2865381,2865381,0.78
INV-H4-000081,0,,3437800,3437800,0.78
INV-H4-000084,0,,4715550,4715550,0.76
INV-H4-000085,0,,3151125,3151125,0.78
INV-H4-000086,0,,1398675,1398675,0.84
INV-H4-000089,0,,1592319,1592319,0.84
INV-H4-000090,0,,1209350,1209350,0.84
INV-H4-000093,0,,2654600,2654600,0.73
INV-H4-000095,1,line_total_arithmetic|wrong_unit_basis,,1797350,0.5
INV-H4-000098,0,,2846400,2846400,0.84
INV-H4-000100,0,,1400750,1400750,0.78
INV-H4-000102,0,,1967575,1967575,0.84
INV-H4-000104,1,contract_number_mismatch,763938,763938,0.76
INV-H4-000105,1,premium_omitted|service_date_after_invoice_date|unit_price_mismatch,,1369450,0.5
INV-H4-000106,0,,1241425,1241425,0.84
INV-H4-000107,0,,2848100,2848100,0.72
INV-H4-000108,0,,1704800,1704800,0.78
INV-H4-000110,0,,1614575,1614575,0.78
INV-H4-000112,0,,1157155,1157155,0.72
INV-H4-000113,0,,1557700,1557700,0.72
INV-H4-000114,0,,4447625,4447625,0.72
INV-H4-000117,0,,1002076,1002076,0.78
INV-H4-000119,0,,1533750,1533750,0.84
INV-H4-000121,1,service_date_after_invoice_date,1732875,1732875,0.84
INV-H4-000122,0,,2184175,2184175,0.84
INV-H4-000125,1,unknown_service,,2398750,0.35
INV-H4-000126,0,,1198500,1198500,0.78
INV-H4-000128,0,,2878080,2878080,0.84
INV-H4-000129,0,,2475375,2475375,0.84
INV-H4-000130,0,,1120375,1120375,0.84
INV-H4-000131,0,,2284750,2284750,0.78
INV-H4-000132,0,,2168372,2168372,0.78
INV-H4-000133,0,,1665300,1665300,0.78
INV-H4-000134,0,,1879100,1879100,0.84
INV-H4-000135,0,,2150499,2150499,0.78
INV-H4-000137,0,,1185400,1185400,0.84
INV-H4-000138,0,,408732,408732,0.84
INV-H4-000140,0,,2104082,2104082,0.84
INV-H4-000143,0,,2047525,2047525,0.72
INV-H4-000144,1,contract_number_mismatch|premium_incorrectly_applied|unit_price_mismatch|unknown_service,,3105319,0.35
INV-H4-000145,0,,3600775,3600775,0.78
INV-H4-000147,0,,3627292,3627292,0.84
INV-H4-000148,0,,1207325,1207325,0.84
INV-H4-000149,0,,1433525,1433525,0.76
INV-H4-000151,0,,4528550,4528550,0.78
INV-H4-000152,0,,1673314,1673314,0.78
INV-H4-000153,1,malformed_service_date|unknown_service,,3656250,0.35
INV-H4-000154,0,,1006400,1006400,0.78
INV-H4-000156,0,,1706925,1706925,0.84
INV-H4-000157,1,invoice_total_mismatch|unit_price_mismatch,,1066600,0.5
INV-H4-000159,0,,1671850,1671850,0.72
INV-H4-000160,0,,481550,481550,0.84
INV-H4-000162,0,,3059865,3059865,0.72
INV-H4-000163,0,,3712175,3712175,0.84
INV-H4-000164,1,contract_number_mismatch|malformed_service_date|premium_incorrectly_applied|unit_price_mismatch,,2241308,0.5
INV-H4-000165,1,daily_cap_exceeded,,3413175,0.5
INV-H4-000166,0,,1360729,1360729,0.84
INV-H4-000168,1,wrong_unit_basis,,2221715,0.5
INV-H4-000169,0,,2116475,2116475,0.78
INV-H4-000170,0,,2401000,2401000,0.72
INV-H4-000174,0,,1591425,1591425,0.79
INV-H4-000175,0,,3231725,3231725,0.78
INV-H4-000177,0,,3061075,3061075,0.72
INV-H4-000179,0,,1998140,1998140,0.84
INV-H4-000181,0,,1433750,1433750,0.67
INV-H4-000184,0,,1978025,1978025,0.72
INV-H4-000185,0,,3031025,3031025,0.78
INV-H4-000186,0,,3391488,3391488,0.72
INV-H4-000188,0,,480600,480600,0.78
INV-H4-000189,0,,2477850,2477850,0.78
INV-H4-000190,0,,4348650,4348650,0.72
INV-H4-000191,0,,2686650,2686650,0.78
INV-H4-000193,0,,2231223,2231223,0.72
INV-H4-000194,0,,5330400,5330400,0.76
INV-H4-000196,1,premium_incorrectly_applied|unit_price_mismatch|wrong_unit_basis,,2769483,0.5
INV-H4-000198,0,,892825,892825,0.84
INV-H4-000199,0,,3183225,3183225,0.78
INV-H4-000201,0,,875700,875700,0.78
INV-H4-000202,0,,1981900,1981900,0.78
INV-H4-000204,0,,4171025,4171025,0.72
INV-H4-000205,0,,3493500,3493500,0.76
INV-H4-000206,0,,1988225,1988225,0.84
INV-H4-000207,0,,930000,930000,0.78
INV-H4-000208,0,,3600552,3600552,0.78
INV-H4-000209,0,,2321736,2321736,0.76
INV-H4-000211,0,,3056100,3056100,0.72
INV-H4-000213,0,,2984225,2984225,0.78
INV-H4-000214,0,,3246025,3246025,0.84
INV-H4-000215,0,,604825,604825,0.84
INV-H4-000216,0,,1973625,1973625,0.78
INV-H4-000217,1,unit_price_mismatch,,2424724,0.5
INV-H4-000219,0,,3351025,3351025,0.78
INV-H4-000221,0,,1251552,1251552,0.84
INV-H4-000223,0,,2854625,2854625,0.68
INV-H4-000225,0,,2624625,2624625,0.72
INV-H4-000226,1,line_total_arithmetic,916750,941750,0.72
INV-H4-000229,0,,2680971,2680971,0.78
INV-H4-000232,0,,1930675,1930675,0.84
INV-H4-000233,0,,2666630,2666630,0.78
INV-H4-000234,0,,1089700,1089700,0.84
INV-H4-000235,1,contract_number_mismatch,,1538350,0.5
INV-H4-000236,0,,2297550,2297550,0.78
INV-H4-000237,0,,3644221,3644221,0.84
INV-H4-000240,0,,2711979,2711979,0.78
INV-H4-000241,0,,2652700,2652700,0.84
INV-H4-000242,0,,4025602,4025602,0.78
INV-H4-000243,0,,1488475,1488475,0.84
INV-H4-000244,0,,1335750,1335750,0.78
INV-H4-000245,0,,1497140,1497140,0.84
INV-H4-000246,0,,2716947,2716947,0.76
INV-H4-000247,1,premium_incorrectly_applied|unit_price_mismatch,,3224198,0.5
INV-H4-000249,0,,2468650,2468650,0.78
INV-H4-000251,0,,1327425,1327425,0.78
INV-H4-000253,0,,985450,985450,0.72
INV-H4-000254,0,,1369875,1369875,0.9
INV-H4-000256,0,,682700,682700,0.84
INV-H4-000257,0,,3266665,3266665,0.72
INV-H4-000258,0,,1118825,1118825,0.76
INV-H4-000259,1,premium_incorrectly_applied|unit_price_mismatch,3880075,4427913,0.76
INV-H4-000260,1,line_total_arithmetic|service_date_out_of_window,1682025,1657025,0.78
INV-H4-000266,0,,613575,613575,0.84
INV-H4-000270,0,,2654548,2654548,0.84
INV-H4-000274,0,,1107275,1107275,0.84
INV-H4-000275,0,,3175125,3175125,0.76
INV-H4-000276,0,,4113650,4113650,0.84
INV-H4-000278,0,,3446950,3446950,0.72
INV-H4-000279,0,,2072558,2072558,0.78
INV-H4-000281,0,,1513905,1513905,0.84
INV-H4-000282,0,,1401500,1401500,0.84
INV-H4-000284,0,,531900,531900,0.78
INV-H4-000286,0,,2054450,2054450,0.84
INV-H4-000288,0,,1085000,1085000,0.84
INV-H4-000290,0,,3406925,3406925,0.76
INV-H4-000292,0,,1980000,1980000,0.78
INV-H4-000293,1,unit_price_mismatch,,3500841,0.5
INV-H4-000294,0,,827525,827525,0.84
INV-H4-000295,0,,579025,579025,0.78
INV-H4-000296,0,,1443230,1443230,0.78
INV-H4-000298,0,,2093400,2093400,0.84
INV-H4-000299,0,,421750,421750,0.78
INV-H4-000300,0,,4207405,4207405,0.78
INV-H4-000301,0,,1677800,1677800,0.84
INV-H4-000302,0,,1454463,1454463,0.84
INV-H4-000305,0,,2221575,2221575,0.72
INV-H4-000306,0,,2618850,2618850,0.78
INV-H4-000308,0,,2714544,2714544,0.78
INV-H4-000309,1,cross_invoice_duplicate|unknown_service,,3550818,0.35
INV-H4-000310,0,,1316020,1316020,0.84
INV-H4-000312,0,,699500,699500,0.78
INV-H4-000313,0,,800725,800725,0.84
INV-H4-000314,0,,697175,697175,0.84
INV-H4-000315,0,,1699100,1699100,0.84
INV-H4-000316,0,,4094625,4094625,0.84
INV-H4-000317,0,,2361575,2361575,0.76
INV-H4-000319,0,,1918250,1918250,0.72
INV-H4-000322,0,,1402175,1402175,0.72
INV-H4-000323,1,invoice_total_mismatch,1905175,1906175,0.84
INV-H4-000324,0,,737415,737415,0.72
INV-H4-000326,0,,3798200,3798200,0.78
INV-H4-000327,0,,1996725,1996725,0.72
INV-H4-000328,0,,917100,917100,0.84
INV-H4-000329,0,,2992320,2992320,0.78
INV-H4-000330,0,,1330250,1330250,0.84
INV-H4-000331,0,,4216333,4216333,0.78
INV-H4-000332,0,,4836400,4836400,0.78
INV-H4-000333,0,,999950,999950,0.84
INV-H4-000334,0,,1071950,1071950,0.78
INV-H4-000335,0,,2045545,2045545,0.84
INV-H4-000337,0,,2762165,2762165,0.84
INV-H4-000338,0,,3339125,3339125,0.78
INV-H4-000339,0,,2489370,2489370,0.78
INV-H4-000340,0,,572600,572600,0.84
INV-H4-000342,0,,1868200,1868200,0.84
INV-H4-000343,0,,1048175,1048175,0.84
INV-H4-000347,0,,1895670,1895670,0.79
INV-H4-000350,0,,3278425,3278425,0.78
INV-H4-000351,0,,5091100,5091100,0.84
INV-H4-000353,0,,981842,981842,0.84
INV-H4-000355,1,premium_omitted|unit_price_mismatch,,2871831,0.5
INV-H4-000357,0,,3397840,3397840,0.84
INV-H4-000358,0,,5154605,5154605,0.84
INV-H4-000359,0,,1946150,1946150,0.84
INV-H4-000360,0,,4291045,4291045,0.76
INV-H4-000361,0,,4042944,4042944,0.7
INV-H4-000362,0,,369425,369425,0.84
INV-H4-000363,0,,2873300,2873300,0.72
INV-H4-000364,0,,2238755,2238755,0.84
INV-H4-000365,0,,1747290,1747290,0.84
INV-H4-000366,0,,1394828,1394828,0.78
INV-H4-000368,0,,3021850,3021850,0.78
INV-H4-000370,0,,1554128,1554128,0.84
INV-H4-000371,0,,2884425,2884425,0.78
INV-H4-000372,0,,474575,474575,0.78
INV-H4-000373,0,,3625717,3625717,0.76
INV-H4-000374,0,,2910580,2910580,0.84
INV-H4-000375,0,,1582750,1582750,0.84
INV-H4-000376,0,,462950,462950,0.78
INV-H4-000378,0,,3217278,3217278,0.82
INV-H4-000379,0,,1395600,1395600,0.84
INV-H4-000382,0,,781425,781425,0.84
INV-H4-000383,0,,6154400,6154400,0.84
INV-H4-000384,0,,3817812,3817812,0.72
INV-H4-000385,0,,3064130,3064130,0.84
INV-H4-000386,0,,3023171,3023171,0.78
INV-H4-000388,0,,3044800,3044800,0.78
INV-H4-000389,0,,935125,935125,0.78
INV-H4-000391,1,service_date_after_invoice_date,1528764,1528764,0.84
INV-H4-000392,0,,1904013,1904013,0.84
INV-H4-000393,0,,4520912,4520912,0.73
INV-H4-000394,0,,3995850,3995850,0.72
INV-H4-000396,0,,4456925,4456925,0.78
INV-H4-000397,0,,4650248,4650248,0.78
INV-H4-000398,0,,2575550,2575550,0.84
INV-H4-000399,0,,1243755,1243755,0.78
INV-H4-000400,0,,1668400,1668400,0.84
INV-H4-000401,0,,2864175,2864175,0.84
INV-H4-000402,0,,3624065,3624065,0.78
INV-H4-000403,0,,1411800,1411800,0.78
INV-H4-000404,0,,1310900,1310900,0.84
INV-H4-000406,0,,2188067,2188067,0.82
INV-H4-000407,0,,4216218,4216218,0.72
INV-H4-000408,0,,2092935,2092935,0.78
INV-H4-000409,0,,1705759,1705759,0.82
INV-H4-000411,0,,3196895,3196895,0.7
INV-H4-000412,0,,3938725,3938725,0.84
INV-H4-000415,0,,1690850,1690850,0.78
INV-H4-000416,0,,5159604,5159604,0.77
INV-H4-000417,0,,1244125,1244125,0.84
INV-H4-000419,0,,1571162,1571162,0.82
INV-H4-000420,0,,5508974,5508974,0.82
INV-H4-000421,0,,4161435,4161435,0.76
INV-H4-000422,0,,3513640,3513640,0.72
INV-H4-000423,0,,749180,749180,0.84
INV-H4-000425,0,,2500834,2500834,0.84
INV-H4-000426,0,,4417800,4417800,0.72
INV-H4-000427,0,,1194800,1194800,0.79
INV-H4-000428,0,,1387328,1387328,0.82
INV-H4-000430,0,,1742210,1742210,0.84
INV-H4-000433,0,,5004761,5004761,0.84
INV-H4-000434,0,,1919075,1919075,0.78
INV-H4-000436,0,,2114075,2114075,0.78
INV-H4-000437,0,,2159768,2159768,0.78
INV-H4-000438,0,,5005975,5005975,0.7
INV-H4-000439,0,,2091075,2091075,0.84
INV-H4-000440,0,,1999100,1999100,0.84
INV-H4-000443,0,,1949435,1949435,0.78
INV-H4-000444,0,,1312964,1312964,0.78
INV-H4-000445,1,service_date_after_invoice_date|service_date_out_of_window,3669725,3669725,0.78
INV-H4-000447,0,,2036000,2036000,0.76
INV-H4-000448,0,,3450611,3450611,0.78
INV-H4-000449,0,,2992325,2992325,0.84
INV-H4-000450,0,,4647850,4647850,0.72
INV-H4-000451,0,,1500000,1500000,0.84
INV-H4-000453,0,,956575,956575,0.72
INV-H4-000454,0,,2528295,2528295,0.7
INV-H4-000455,0,,4005775,4005775,0.76
INV-H4-000456,0,,1901874,1901874,0.72
INV-H4-000457,0,,4982560,4982560,0.7
INV-H4-000459,0,,2130148,2130148,0.72
INV-H4-000460,0,,1423623,1423623,0.84
INV-H4-000461,0,,2918700,2918700,0.84
INV-H4-000462,0,,3127525,3127525,0.76
INV-H4-000464,0,,1815325,1815325,0.78
INV-H4-000466,0,,2165475,2165475,0.84
INV-H4-000467,0,,1033045,1033045,0.78
INV-H4-000468,0,,1610125,1610125,0.78
INV-H4-000470,0,,1962575,1962575,0.78
INV-H4-000472,0,,319075,319075,0.78
INV-H4-000473,1,cross_invoice_duplicate|wrong_unit_basis,,2150500,0.5
INV-H4-000476,0,,3369415,3369415,0.82
INV-H4-000478,0,,745480,745480,0.84
INV-H4-000480,0,,3637753,3637753,0.82
INV-H4-000481,0,,4942445,4942445,0.7
INV-H4-000482,0,,1482230,1482230,0.78
INV-H4-000483,1,daily_cap_exceeded|invoice_total_mismatch|unit_price_mismatch|volume_discount_omitted,,1702575,0.5
INV-H4-000484,0,,1817505,1817505,0.78
INV-H4-000485,0,,3201339,3201339,0.78
INV-H4-000486,0,,1222350,1222350,0.84
INV-H4-000487,0,,2159000,2159000,0.78
INV-H4-000488,0,,2643175,2643175,0.78
INV-H4-000489,0,,2629490,2629490,0.84
INV-H4-000491,0,,2202350,2202350,0.84
INV-H4-000492,0,,1855775,1855775,0.78
INV-H4-000493,0,,518750,518750,0.72
INV-H4-000494,0,,3132199,3132199,0.72
INV-H4-000495,0,,3619538,3619538,0.78
INV-H4-000496,0,,3774484,3774484,0.76
INV-H4-000497,0,,1524750,1524750,0.84
INV-H4-000498,0,,961550,961550,0.84
INV-H4-000499,0,,3995805,3995805,0.78
INV-H4-000500,0,,1513950,1513950,0.78
INV-H4-000502,0,,1999135,1999135,0.78
INV-H4-000503,0,,1712225,1712225,0.84
INV-H4-000504,1,contract_number_mismatch|invoice_total_mismatch|wrong_unit_basis,,995875,0.5
INV-H4-000505,0,,869100,869100,0.84
INV-H4-000506,0,,2175025,2175025,0.72
INV-H4-000509,0,,4767372,4767372,0.72
INV-H4-000510,0,,2136925,2136925,0.72
INV-H4-000511,0,,4246950,4246950,0.84
INV-H4-000512,0,,4873980,4873980,0.72
INV-H4-000513,0,,1561425,1561425,0.84
INV-H4-000514,0,,4107575,4107575,0.76
INV-H4-000515,0,,2782225,2782225,0.72
INV-H4-000516,0,,3061500,3061500,0.78
INV-H4-000518,0,,4478075,4478075,0.78
INV-H4-000519,0,,1958225,1958225,0.78
INV-H4-000520,0,,2382850,2382850,0.72
INV-H4-000521,0,,3804725,3804725,0.84
INV-H4-000522,0,,4733237,4733237,0.78
INV-H4-000523,0,,4206639,4206639,0.72
INV-H4-000524,0,,3601709,3601709,0.78
INV-H4-000525,0,,1219975,1219975,0.84
INV-H4-000526,0,,3121875,3121875,0.72
INV-H4-000528,1,bundle_not_applied|malformed_service_date|unit_price_mismatch|volume_discount_omitted,,4855400,0.5
INV-H4-000529,0,,3951350,3951350,0.72
INV-H4-000530,0,,1279875,1279875,0.84
INV-H4-000534,0,,3648900,3648900,0.82
INV-H4-000535,0,,1740400,1740400,0.76
INV-H4-000537,0,,3505975,3505975,0.78
INV-H4-000538,0,,4808825,4808825,0.78
INV-H4-000540,1,contract_number_mismatch|daily_cap_exceeded,,2195250,0.5
INV-H4-000541,1,wrong_unit_basis,,508925,0.5
INV-H4-000543,0,,2661825,2661825,0.84
INV-H4-000544,0,,850425,850425,0.78
INV-H4-000545,0,,2188725,2188725,0.72
INV-H4-000546,0,,5170740,5170740,0.72
INV-H4-000547,0,,2848500,2848500,0.76
INV-H4-000548,0,,2150750,2150750,0.84
INV-H4-000549,0,,1314045,1314045,0.7
INV-H4-000550,0,,2718675,2718675,0.78
INV-H4-000551,0,,4726470,4726470,0.82
INV-H4-000552,0,,2613670,2613670,0.72
INV-H4-000553,0,,1389823,1389823,0.84
INV-H4-000554,1,daily_cap_exceeded|invoice_total_mismatch,,3608010,0.5
INV-H4-000556,0,,2462025,2462025,0.84
INV-H4-000557,0,,885100,885100,0.78
INV-H4-000558,0,,780300,780300,0.78
INV-H4-000559,0,,2734650,2734650,0.78
INV-H4-000561,0,,2180950,2180950,0.78
INV-H4-000562,0,,3083459,3083459,0.72
INV-H4-000563,0,,2708470,2708470,0.76
INV-H4-000566,0,,1810875,1810875,0.78
INV-H4-000567,0,,4243042,4243042,0.72
INV-H4-000570,0,,2001370,2001370,0.84
INV-H4-000571,0,,3271200,3271200,0.84
INV-H4-000572,0,,3946500,3946500,0.78
INV-H4-000573,0,,2637500,2637500,0.82
INV-H4-000574,0,,2526375,2526375,0.78
INV-H4-000576,1,bundle_not_applied|daily_cap_exceeded|malformed_service_date|unit_price_mismatch,,5976355,0.5
INV-H4-000578,0,,2235025,2235025,0.84
INV-H4-000579,0,,2424905,2424905,0.72
INV-H4-000580,0,,1117339,1117339,0.84
INV-H4-000581,1,unit_price_mismatch|volume_discount_omitted,2268205,2302975,0.84
INV-H4-000582,0,,4708705,4708705,0.78
INV-H4-000583,1,bundle_not_applied|unit_price_mismatch,819575,947375,0.84
INV-H4-000584,0,,1647943,1647943,0.82
INV-H4-000585,0,,1713400,1713400,0.84
INV-H4-000586,0,,444550,444550,0.84
INV-H4-000587,0,,2443681,2443681,0.72
INV-H4-000588,0,,1840275,1840275,0.72
INV-H4-000590,0,,3595040,3595040,0.72
INV-H4-000591,0,,1112500,1112500,0.84
INV-H4-000592,0,,4009573,4009573,0.84
INV-H4-000593,0,,3851318,3851318,0.78
INV-H4-000594,0,,1837253,1837253,0.82
INV-H4-000595,0,,2082855,2082855,0.84
INV-H4-000596,0,,2855821,2855821,0.76
INV-H4-000597,0,,2486830,2486830,0.82
INV-H4-000598,0,,4099350,4099350,0.78
INV-H4-000599,0,,2096500,2096500,0.82
INV-H4-000601,0,,3781810,3781810,0.72
INV-H4-000603,0,,3770800,3770800,0.78
INV-H4-000604,0,,1621650,1621650,0.78
INV-H4-000605,0,,3585475,3585475,0.78
INV-H4-000606,0,,1507055,1507055,0.84
INV-H4-000608,0,,1664239,1664239,0.72
INV-H4-000609,1,daily_cap_exceeded,,5398250,0.5
INV-H4-000610,1,bundle_not_applied|line_total_arithmetic|unit_price_mismatch,4533825,4561975,0.78
INV-H4-000611,0,,3332930,3332930,0.82
INV-H4-000612,0,,2471840,2471840,0.78
INV-H4-000613,0,,2217730,2217730,0.78
INV-H4-000614,0,,4461675,4461675,0.84
INV-H4-000615,0,,4244409,4244409,0.78
INV-H4-000616,0,,3279536,3279536,0.68
INV-H4-000617,0,,2334775,2334775,0.78
INV-H4-000618,0,,3254675,3254675,0.78
INV-H4-000619,0,,3328475,3328475,0.78
INV-H4-000620,0,,1083025,1083025,0.84
INV-H4-000622,0,,1257650,1257650,0.78
INV-H4-000623,0,,884450,884450,0.78
INV-H4-000624,1,premium_omitted|unit_price_mismatch,2922222,2910328,0.76
INV-H4-000626,0,,3093825,3093825,0.7
INV-H4-000627,0,,969075,969075,0.76
INV-H4-000628,0,,3304380,3304380,0.72
INV-H4-000629,0,,2322425,2322425,0.78
INV-H4-000630,0,,3730150,3730150,0.84
INV-H4-000631,0,,562550,562550,0.84
INV-H4-000632,0,,1680900,1680900,0.84
INV-H4-000633,0,,1744140,1744140,0.78
INV-H4-000634,0,,1176432,1176432,0.84
INV-H4-000635,0,,2084625,2084625,0.72
INV-H4-000636,0,,4257325,4257325,0.72
INV-H4-000637,0,,1806775,1806775,0.72
INV-H4-000638,0,,2369312,2369312,0.72
INV-H4-000639,0,,1240762,1240762,0.78
INV-H4-000640,0,,2887285,2887285,0.84
INV-H4-000641,0,,2581878,2581878,0.78
INV-H4-000642,0,,1023125,1023125,0.78
INV-H4-000643,0,,3115925,3115925,0.76
INV-H4-000644,0,,4183193,4183193,0.78
INV-H4-000645,1,premium_omitted|unit_price_mismatch,2426707,2403195,0.78
INV-H4-000646,0,,3805850,3805850,0.84
INV-H4-000647,0,,2026415,2026415,0.82
INV-H4-000648,1,unit_price_mismatch|volume_discount_omitted|wrong_unit_basis,,1874237,0.5
INV-H4-000649,0,,2106550,2106550,0.84
INV-H4-000650,0,,2116750,2116750,0.78
INV-H4-000651,0,,977050,977050,0.78
INV-H4-000652,0,,1492585,1492585,0.82
INV-H4-000653,0,,2666650,2666650,0.78
INV-H4-000654,0,,3748150,3748150,0.72
INV-H4-000656,0,,1691450,1691450,0.84
INV-H4-000657,0,,4346156,4346156,0.82
INV-H4-000658,1,unit_price_mismatch|wrong_unit_basis,,3976687,0.5
INV-H4-000659,0,,2713235,2713235,0.78
INV-H4-000660,0,,2015770,2015770,0.78
INV-H4-000661,0,,3400815,3400815,0.82
INV-H4-000662,0,,1487887,1487887,0.72
INV-H4-000663,0,,1160487,1160487,0.82
INV-H4-000664,0,,4715005,4715005,0.84
INV-H4-000665,1,bundle_not_applied|premium_omitted|unit_price_mismatch,3801435,3833775,0.72
INV-H4-000666,0,,2705900,2705900,0.82
INV-H4-000667,0,,1037685,1037685,0.78
INV-H4-000668,0,,3767380,3767380,0.78
INV-H4-000669,0,,2036050,2036050,0.78
INV-H4-000670,0,,2221300,2221300,0.78
INV-H4-000671,0,,2843843,2843843,0.82
INV-H4-000672,0,,1800325,1800325,0.78
INV-H4-000673,0,,3223381,3223381,0.84
INV-H4-000674,0,,2906505,2906505,0.78
INV-H4-000675,0,,1600225,1600225,0.84
INV-H4-000676,0,,2990973,2990973,0.72
INV-H4-000678,1,malformed_service_date|service_date_after_invoice_date,,3039017,0.5
INV-H4-000679,0,,3569404,3569404,0.82
INV-H4-000680,0,,3846725,3846725,0.72
INV-H4-000681,0,,2447300,2447300,0.78
INV-H4-000682,0,,2394425,2394425,0.78
INV-H4-000683,0,,3566465,3566465,0.78
INV-H4-000684,0,,2758763,2758763,0.84
INV-H4-000685,0,,888575,888575,0.84
INV-H4-000686,0,,993150,993150,0.72
INV-H4-000687,0,,2130175,2130175,0.76
INV-H4-000688,0,,2147980,2147980,0.78
INV-H4-000689,0,,311150,311150,0.84
INV-H4-000690,0,,2240395,2240395,0.84
INV-H4-000691,1,bundle_not_applied|service_date_after_invoice_date|unit_price_mismatch|wrong_unit_basis,,4074340,0.5
INV-H4-000692,1,premium_omitted|unit_price_mismatch,862739,852437,0.82
INV-H4-000693,1,cross_invoice_duplicate|service_date_out_of_window,,1856825,0.5
INV-H4-000695,0,,2497850,2497850,0.72
INV-H4-000696,0,,3217300,3217300,0.72
INV-H4-000697,0,,654798,654798,0.84
INV-H4-000698,0,,2551180,2551180,0.68
INV-H4-000699,0,,2322125,2322125,0.78
INV-H4-000700,1,malformed_service_date|unknown_service,,1300625,0.35
INV-H4-000701,0,,3883275,3883275,0.72
INV-H4-000702,0,,3624763,3624763,0.68
INV-H4-000703,0,,1270725,1270725,0.84
INV-H4-000704,0,,2061525,2061525,0.78
INV-H4-000707,0,,3779025,3779025,0.76
INV-H4-000709,0,,4613225,4613225,0.84
INV-H4-000710,0,,508550,508550,0.78
INV-H4-000711,0,,4676031,4676031,0.84
INV-H4-000712,0,,2480463,2480463,0.84
INV-H4-000713,0,,2609056,2609056,0.72
INV-H4-000714,0,,1716180,1716180,0.84
INV-H4-000715,0,,3523710,3523710,0.82
INV-H4-000717,0,,475025,475025,0.84
INV-H4-000718,0,,1570300,1570300,0.78
INV-H4-000719,1,line_total_arithmetic,2371128,2370128,0.78
INV-H4-000720,0,,576907,576907,0.72
INV-H4-000721,0,,3096676,3096676,0.78
INV-H4-000722,0,,4852900,4852900,0.84
INV-H4-000723,0,,3752837,3752837,0.84
INV-H4-000724,1,bundle_not_applied|service_date_out_of_window|unit_price_mismatch|wrong_unit_basis,,3060765,0.5
INV-H4-000725,0,,2760625,2760625,0.78
INV-H4-000726,0,,2226275,2226275,0.84
INV-H4-000727,0,,3550960,3550960,0.7
INV-H4-000728,0,,988325,988325,0.84
INV-H4-000729,0,,3571570,3571570,0.72
INV-H4-000730,0,,3828225,3828225,0.78
INV-H4-000731,0,,1739600,1739600,0.84
INV-H4-000732,0,,2127850,2127850,0.78
INV-H4-000733,0,,1170500,1170500,0.84
INV-H4-000734,0,,1957634,1957634,0.78
INV-H4-000735,0,,402050,402050,0.84
INV-H4-000736,0,,1610150,1610150,0.78
INV-H4-000737,0,,2255325,2255325,0.82
INV-H4-000738,0,,1984399,1984399,0.84
INV-H4-000741,0,,3319825,3319825,0.78
INV-H4-000743,0,,3407070,3407070,0.7
INV-H4-000744,0,,2601325,2601325,0.84
INV-H4-000745,0,,1792890,1792890,0.78
INV-H4-000746,0,,3566609,3566609,0.78
INV-H4-000747,0,,805650,805650,0.84
INV-H4-000748,0,,1131650,1131650,0.84
INV-H4-000749,0,,3224700,3224700,0.78
INV-H4-000750,0,,1496250,1496250,0.84
INV-H4-000752,0,,990930,990930,0.82
INV-H4-000753,0,,3517100,3517100,0.79
INV-H4-000754,0,,2006700,2006700,0.78
INV-H4-000755,0,,2406204,2406204,0.82
INV-H4-000757,0,,1616780,1616780,0.84
INV-H4-000758,0,,3047730,3047730,0.72
INV-H4-000759,0,,2824475,2824475,0.84
INV-H4-000760,0,,2061425,2061425,0.72
INV-H4-000761,0,,3057850,3057850,0.84
INV-H4-000762,0,,1098550,1098550,0.68
INV-H4-000764,0,,4144255,4144255,0.76
INV-H4-000765,0,,2605360,2605360,0.72
INV-H4-000766,0,,2817475,2817475,0.72
INV-H4-000767,0,,2274835,2274835,0.78
INV-H4-000769,0,,1986350,1986350,0.78
INV-H4-000770,0,,2739165,2739165,0.78
INV-H4-000771,0,,1482775,1482775,0.84
INV-H4-000772,0,,4537660,4537660,0.76
INV-H4-000773,0,,2910695,2910695,0.84
INV-H4-000774,0,,1531025,1531025,0.72
INV-H4-000775,0,,974850,974850,0.78
INV-H4-000776,0,,3020525,3020525,0.84
INV-H4-000777,1,unit_price_mismatch|volume_discount_omitted,5943356,5973150,0.78
INV-H4-000778,0,,1645675,1645675,0.78
INV-H4-000779,0,,2932852,2932852,0.72
INV-H4-000780,0,,2060075,2060075,0.78
INV-H4-000783,0,,1637150,1637150,0.68
INV-H4-000784,0,,5672100,5672100,0.76
INV-H4-000785,0,,1734650,1734650,0.78
INV-H4-000786,0,,3089870,3089870,0.7
INV-H4-000788,0,,1575550,1575550,0.84
INV-H4-000789,0,,4974786,4974786,0.78
INV-H4-000790,0,,1579048,1579048,0.78
INV-H4-000791,0,,4221708,4221708,0.84
INV-H4-000792,0,,2301500,2301500,0.84
INV-H4-000794,0,,785665,785665,0.82
INV-H4-000795,1,unknown_service,,5008875,0.35
INV-H4-000796,0,,2077075,2077075,0.84
INV-H4-000797,0,,2429475,2429475,0.84
INV-H4-000798,0,,3689755,3689755,0.84
INV-H4-000799,0,,2573075,2573075,0.78
INV-H4-000800,0,,1103000,1103000,0.78
INV-H4-000801,0,,933981,933981,0.82
INV-H4-000803,0,,1133514,1133514,0.79
INV-H4-000805,0,,3568400,3568400,0.72
INV-H4-000806,0,,1996500,1996500,0.78
INV-H4-000807,0,,3458819,3458819,0.7
INV-H4-000809,0,,1522809,1522809,0.82
INV-H4-000811,0,,367825,367825,0.84
INV-H4-000812,0,,5447044,5447044,0.78
INV-H4-000815,0,,3135844,3135844,0.72
INV-H4-000816,0,,3280925,3280925,0.78
INV-H4-000817,0,,2182000,2182000,0.7
INV-H4-000818,0,,3531472,3531472,0.78
INV-H4-000819,0,,3072630,3072630,0.78
INV-H4-000820,0,,2766785,2766785,0.82
INV-H4-000821,0,,1685850,1685850,0.84
INV-H4-000823,0,,2781425,2781425,0.84
INV-H4-000824,0,,4084125,4084125,0.78
INV-H4-000825,0,,1076650,1076650,0.84
INV-H4-000826,0,,1664025,1664025,0.78
INV-H4-000827,0,,5327380,5327380,0.73
INV-H4-000828,0,,3552875,3552875,0.78
INV-H4-000829,0,,1610375,1610375,0.76
INV-H4-000830,0,,2539580,2539580,0.84
INV-H4-000831,0,,2170420,2170420,0.82
INV-H4-000832,0,,2143525,2143525,0.78
INV-H4-000833,0,,2619940,2619940,0.78
INV-H4-000834,0,,2226125,2226125,0.84
INV-H4-000835,0,,3111550,3111550,0.78
INV-H4-000836,0,,4279600,4279600,0.77
INV-H4-000838,0,,1373870,1373870,0.78
INV-H5-000002,0,,4279378,4279378,0.73
INV-H5-000003,0,,3060861,3060861,0.73
INV-H5-000004,0,,2394252,2394252,0.73
INV-H5-000005,0,,1284813,1284813,0.79
INV-H5-000007,0,,5985654,5985654,0.79
INV-H5-000009,0,,4782919,4782919,0.73
INV-H5-000010,0,,2530893,2530893,0.71
INV-H5-000011,0,,2091174,2091174,0.65
INV-H5-000012,0,,2610439,2610439,0.77
INV-H5-000013,0,,2370617,2370617,0.79
INV-H5-000014,0,,1013030,1013030,0.73
INV-H5-000015,1,premium_omitted|unit_price_mismatch|volume_discount_incorrectly_applied,3886032,3733765,0.79
INV-H5-000016,0,,3197587,3197587,0.71
INV-H5-000017,0,,1203384,1203384,0.77
INV-H5-000018,0,,2415728,2415728,0.71
INV-H5-000019,0,,5587482,5587482,0.67
INV-H5-000020,0,,2968274,2968274,0.67
INV-H5-000021,0,,3209579,3209579,0.71
INV-H5-000022,0,,1706589,1706589,0.79
INV-H5-000023,0,,1458945,1458945,0.73
INV-H5-000024,0,,4015825,4015825,0.67
INV-H5-000026,0,,3566663,3566663,0.73
INV-H5-000027,0,,1617459,1617459,0.79
INV-H5-000028,0,,2631208,2631208,0.71
INV-H5-000029,0,,3084149,3084149,0.67
INV-H5-000030,0,,1574328,1574328,0.71
INV-H5-000031,0,,2851887,2851887,0.62
INV-H5-000033,0,,1848070,1848070,0.73
INV-H5-000034,1,malformed_service_date,,1586458,0.5
INV-H5-000036,0,,1441175,1441175,0.79
INV-H5-000046,1,wrong_unit_basis,,2819235,0.35
INV-H5-000048,0,,1377165,1377165,0.77
INV-H5-000070,0,,3165698,3165698,0.67
INV-H5-000071,0,,1567731,1567731,0.79
INV-H5-000073,1,invoice_total_mismatch,,1718945,0.5
INV-H5-000077,1,service_date_after_invoice_date,,1575041,0.5
INV-H5-000087,0,,415087,415087,0.79
INV-H5-000088,0,,1559454,1559454,0.79
INV-H5-000090,0,,1712643,1712643,0.71
INV-H5-000091,1,invoice_total_mismatch|unit_price_mismatch,,2533713,0.5
INV-H5-000095,0,,1254832,1254832,0.74
INV-H5-000102,1,wrong_unit_basis,,3415440,0.5
INV-H5-000103,0,,2369452,2369452,0.79
INV-H5-000109,1,bundle_not_applied|premium_incorrectly_applied|unit_price_mismatch,,5397917,0.5
INV-H5-000117,1,malformed_service_date,,3951859,0.5
INV-H5-000122,0,,959841,959841,0.65
INV-H5-000128,0,,1094027,1094027,0.65
INV-H5-000132,1,premium_incorrectly_applied|unit_price_mismatch,2395988,2477518,0.77
INV-H5-000134,0,,965478,965478,0.77
INV-H5-000135,0,,2186524,2186524,0.79
INV-H5-000138,0,,1443715,1443715,0.67
INV-H5-000141,0,,2430635,2430635,0.67
INV-H5-000142,0,,1393263,1393263,0.71
INV-H5-000147,1,contract_number_mismatch|line_total_arithmetic|unit_price_mismatch|volume_discount_omitted,1011781,1032581,0.71
INV-H5-000148,0,,3708048,3708048,0.73
INV-H5-000153,0,,1299283,1299283,0.77
INV-H5-000154,0,,1217400,1217400,0.79
INV-H5-000155,0,,2042963,2042963,0.73
INV-H5-000157,0,,989403,989403,0.67
INV-H5-000160,1,invoice_total_mismatch,,2410731,0.5
INV-H5-000163,1,unit_price_mismatch|volume_discount_omitted,,2638415,0.5
INV-H5-000164,1,daily_cap_exceeded,,5782441,0.5
INV-H5-000166,0,,2295203,2295203,0.68
INV-H5-000168,0,,492371,492371,0.67
INV-H5-000171,1,invoice_total_mismatch|unit_price_mismatch,,2939365,0.35
INV-H5-000176,0,,754959,754959,0.79
INV-H5-000179,0,,2959931,2959931,0.71
INV-H5-000183,0,,611744,611744,0.79
INV-H5-000187,0,,1696206,1696206,0.77
INV-H5-000190,1,daily_cap_exceeded|invoice_total_mismatch|malformed_service_date,,3594469,0.5
INV-H5-000194,0,,1741926,1741926,0.71
INV-H5-000200,0,,3818816,3818816,0.77
INV-H5-000204,0,,2237067,2237067,0.77
INV-H5-000206,0,,2432220,2432220,0.77
INV-H5-000207,0,,1690030,1690030,0.71
INV-H5-000208,0,,1467080,1467080,0.77
INV-H5-000209,1,contract_number_mismatch|unknown_service,,2696117,0.35
INV-H5-000210,0,,2003693,2003693,0.67
INV-H5-000211,0,,476248,476248,0.77
INV-H5-000215,1,contract_number_mismatch|line_total_arithmetic|wrong_unit_basis,,3612056,0.5
INV-H5-000220,1,premium_omitted|unit_price_mismatch,,1458910,0.5
INV-H5-000221,0,,1252228,1252228,0.79
INV-H5-000222,0,,2145806,2145806,0.77
INV-H5-000224,1,malformed_service_date,,4711155,0.5
INV-H5-000227,0,,2996772,2996772,0.71
INV-H5-000228,0,,1674950,1674950,0.71
INV-H5-000236,1,unit_price_mismatch,6667569,6611716,0.71
INV-H5-000241,0,,791180,791180,0.77
INV-H5-000245,0,,1891041,1891041,0.77
INV-H5-000247,0,,3428439,3428439,0.65
INV-H5-000250,0,,1189113,1189113,0.77
INV-H5-000259,0,,1748709,1748709,0.71
INV-H5-000262,0,,1744920,1744920,0.79
INV-H5-000265,0,,5411328,5411328,0.77
INV-H5-000267,0,,1369334,1369334,0.73
INV-H5-000268,0,,2965443,2965443,0.67
INV-H5-000274,0,,2399839,2399839,0.77
INV-H5-000277,0,,1806405,1806405,0.67
INV-H5-000278,0,,2230836,2230836,0.79
INV-H5-000279,0,,2927000,2927000,0.77
INV-H5-000281,0,,2211040,2211040,0.77
INV-H5-000282,0,,1528923,1528923,0.79
INV-H5-000284,0,,3061986,3061986,0.73
INV-H5-000285,1,line_total_arithmetic,2975929,2974929,0.71
INV-H5-000287,0,,3476965,3476965,0.67
INV-H5-000289,1,invoice_total_mismatch,,3041899,0.5
INV-H5-000290,0,,2034423,2034423,0.79
INV-H5-000291,0,,2059007,2059007,0.71
INV-H5-000292,0,,764510,764510,0.73
INV-H5-000293,0,,4026843,4026843,0.73
INV-H5-000294,1,wrong_unit_basis,,928839,0.35
INV-H5-000295,0,,3107443,3107443,0.67
INV-H5-000298,1,contract_number_mismatch|unit_price_mismatch,968734,956734,0.79
INV-H5-000299,0,,3298925,3298925,0.71
INV-H5-000302,0,,704292,704292,0.77
INV-H5-000303,0,,2917273,2917273,0.72
INV-H5-000304,0,,3621408,3621408,0.73
INV-H5-000305,0,,1581412,1581412,0.79
INV-H5-000306,0,,1577419,1577419,0.73
INV-H5-000307,0,,5262100,5262100,0.67
INV-H5-000310,0,,700952,700952,0.79
INV-H5-000312,1,bundle_not_applied|unit_price_mismatch,,4120545,0.35
INV-H5-000314,0,,2037793,2037793,0.79
INV-H5-000315,0,,1174395,1174395,0.71
INV-H5-000316,0,,6024728,6024728,0.73
INV-H5-000318,0,,4906000,4906000,0.71
INV-H5-000324,0,,3902891,3902891,0.67
INV-H5-000325,0,,3864194,3864194,0.79
INV-H5-000332,0,,2932419,2932419,0.71
INV-H5-000333,0,,1878972,1878972,0.77
INV-H5-000338,0,,4327391,4327391,0.67
INV-H5-000340,0,,934866,934866,0.65
INV-H5-000343,1,service_date_after_invoice_date,,4063434,0.5
INV-H5-000344,0,,539985,539985,0.79
INV-H5-000346,0,,2052053,2052053,0.68
INV-H5-000347,0,,4171139,4171139,0.71
INV-H5-000349,0,,4511786,4511786,0.68
INV-H5-000350,0,,1917209,1917209,0.77
INV-H5-000351,0,,1975300,1975300,0.79
INV-H5-000353,0,,772183,772183,0.73
INV-H5-000355,0,,1595954,1595954,0.77
INV-H5-000356,0,,4729496,4729496,0.67
INV-H5-000357,0,,3083636,3083636,0.71
INV-H5-000358,1,service_date_after_invoice_date|service_date_out_of_window|unknown_service,,4844844,0.35
INV-H5-000367,0,,2892582,2892582,0.77
INV-H5-000368,0,,1677795,1677795,0.77
INV-H5-000369,0,,2498398,2498398,0.77
INV-H5-000370,0,,1113454,1113454,0.79
INV-H5-000372,0,,1813808,1813808,0.77
INV-H5-000373,0,,3442762,3442762,0.73
INV-H5-000374,1,service_date_out_of_window|unit_price_mismatch|volume_discount_omitted,1736363,1758016,0.79
INV-H5-000377,0,,2943896,2943896,0.79
INV-H5-000378,0,,1324122,1324122,0.79
INV-H5-000382,0,,2598821,2598821,0.72
INV-H5-000383,0,,2147363,2147363,0.62
INV-H5-000384,0,,2137955,2137955,0.67
INV-H5-000385,0,,3092311,3092311,0.71
INV-H5-000386,0,,1348868,1348868,0.77
INV-H5-000387,0,,598952,598952,0.77
INV-H5-000388,1,malformed_service_date|service_date_after_invoice_date|unit_price_mismatch,,3876375,0.5
INV-H5-000389,0,,1503259,1503259,0.71
INV-H5-000390,0,,1587465,1587465,0.71
INV-H5-000391,0,,1656621,1656621,0.77
INV-H5-000392,0,,1415709,1415709,0.77
INV-H5-000393,0,,2915305,2915305,0.79
INV-H5-000396,0,,2695206,2695206,0.67
INV-H5-000397,0,,3038410,3038410,0.73
INV-H5-000398,0,,3650033,3650033,0.77
INV-H5-000399,0,,1423387,1423387,0.71
INV-H5-000400,0,,2192481,2192481,0.72
INV-H5-000403,0,,549491,549491,0.79
INV-H5-000404,1,premium_incorrectly_applied|service_date_after_invoice_date|unit_price_mismatch,3063222,3083025,0.77
INV-H5-000407,0,,3327671,3327671,0.66
INV-H5-000408,0,,1706598,1706598,0.79
INV-H5-000409,0,,3260932,3260932,0.73
INV-H5-000410,0,,1187959,1187959,0.67
INV-H5-000412,0,,2936836,2936836,0.73
INV-H5-000413,0,,2342129,2342129,0.73
INV-H5-000415,0,,2020731,2020731,0.73
INV-H5-000416,0,,1741622,1741622,0.73
INV-H5-000420,0,,3452118,3452118,0.77
INV-H5-000421,0,,2923542,2923542,0.79
INV-H5-000422,0,,1818018,1818018,0.77
INV-H5-000425,0,,2590621,2590621,0.77
INV-H5-000426,0,,1148017,1148017,0.71
INV-H5-000429,1,bundle_not_applied|malformed_service_date|unit_price_mismatch,,3144051,0.5
INV-H5-000431,0,,1847740,1847740,0.71
INV-H5-000432,0,,1423759,1423759,0.77
INV-H5-000433,0,,1378438,1378438,0.79
INV-H5-000434,0,,1224708,1224708,0.77
INV-H5-000435,0,,3182849,3182849,0.79
INV-H5-000436,0,,3124293,3124293,0.71
INV-H5-000437,0,,2193462,2193462,0.77
INV-H5-000438,0,,6536745,6536745,0.71
INV-H5-000440,0,,3082893,3082893,0.71
INV-H5-000441,0,,5312398,5312398,0.77
INV-H5-000443,0,,3416774,3416774,0.71
INV-H5-000444,0,,3449162,3449162,0.79
INV-H5-000445,0,,3186395,3186395,0.77
INV-H5-000447,0,,2680063,2680063,0.72
INV-H5-000448,1,unit_price_mismatch,,4382042,0.5
INV-H5-000449,0,,945432,945432,0.71
INV-H5-000451,0,,4866518,4866518,0.77
INV-H5-000452,0,,761027,761027,0.77
INV-H5-000454,0,,2336688,2336688,0.65
INV-H5-000455,0,,2636163,2636163,0.71
INV-H5-000456,0,,1996640,1996640,0.71
INV-H5-000457,0,,4014363,4014363,0.77
INV-H5-000458,0,,2050198,2050198,0.71
INV-H5-000460,0,,2922530,2922530,0.79
INV-H5-000464,1,premium_incorrectly_applied|unit_price_mismatch,2165415,2358301,0.77
INV-H5-000465,0,,1735876,1735876,0.71
INV-H5-000466,0,,4073350,4073350,0.65
INV-H5-000467,0,,1822769,1822769,0.73
INV-H5-000468,0,,2334050,2334050,0.71
INV-H5-000470,0,,2367351,2367351,0.77
INV-H5-000476,0,,1109760,1109760,0.71
INV-H5-000477,0,,2007448,2007448,0.79
INV-H5-000478,0,,3256708,3256708,0.65
INV-H5-000480,0,,3566947,3566947,0.71
INV-H5-000482,0,,945245,945245,0.65
INV-H5-000483,0,,4173702,4173702,0.65
INV-H5-000484,1,unit_price_mismatch|volume_discount_omitted,,1305451,0.5
INV-H5-000487,0,,3433738,3433738,0.73
INV-H5-000489,1,malformed_service_date|premium_incorrectly_applied|unit_price_mismatch|wrong_unit_basis,,688830,0.5
INV-H5-000490,0,,4446598,4446598,0.73
INV-H5-000491,0,,911621,911621,0.66
INV-H5-000492,1,service_date_after_invoice_date|unit_price_mismatch,,4256473,0.5
INV-H5-000493,0,,5104874,5104874,0.65
INV-H5-000497,0,,2455916,2455916,0.67
INV-H5-000498,0,,3700163,3700163,0.73
INV-H5-000501,0,,1513602,1513602,0.77
INV-H5-000503,0,,1457770,1457770,0.71
INV-H5-000505,0,,1570501,1570501,0.65
INV-H5-000507,0,,1851981,1851981,0.73
INV-H5-000508,0,,1470692,1470692,0.77
INV-H5-000509,0,,2703277,2703277,0.71
INV-H5-000510,0,,3551089,3551089,0.73
INV-H5-000511,0,,1628661,1628661,0.77
INV-H5-000512,0,,2568341,2568341,0.79
INV-H5-000513,0,,3041283,3041283,0.77
INV-H5-000514,0,,3544922,3544922,0.71
INV-H5-000515,0,,1577341,1577341,0.77
INV-H5-000517,0,,2245747,2245747,0.77
INV-H5-000520,1,unit_price_mismatch,,914819,0.5
INV-H5-000524,0,,2482144,2482144,0.73
INV-H5-000526,0,,2350463,2350463,0.77
INV-H5-000527,0,,899793,899793,0.71
INV-H5-000528,0,,2608040,2608040,0.77
INV-H5-000529,0,,2529372,2529372,0.73
INV-H5-000530,0,,2127626,2127626,0.65
INV-H5-000532,0,,1643101,1643101,0.71
INV-H5-000533,0,,1538575,1538575,0.77
INV-H5-000536,0,,2500535,2500535,0.71
INV-H5-000537,0,,1674454,1674454,0.79
INV-H5-000539,1,cross_invoice_duplicate|premium_omitted|unit_price_mismatch|wrong_unit_basis,,5191731,0.5
INV-H5-000540,0,,889650,889650,0.79
INV-H5-000541,0,,1988320,1988320,0.67
INV-H5-000542,0,,1712943,1712943,0.71
INV-H5-000543,1,wrong_unit_basis,,1342323,0.5
INV-H5-000544,0,,2022208,2022208,0.79
INV-H5-000545,0,,3459336,3459336,0.73
INV-H5-000548,0,,3456905,3456905,0.71
INV-H5-000549,0,,1257831,1257831,0.77
INV-H5-000550,0,,5031102,5031102,0.73
INV-H5-000551,1,unit_price_mismatch,,3708098,0.5
INV-H5-000552,0,,1333754,1333754,0.79
INV-H5-000553,0,,1913374,1913374,0.79
INV-H5-000554,0,,3434282,3434282,0.77
INV-H5-000555,0,,1876770,1876770,0.77
INV-H5-000556,0,,3188535,3188535,0.71
INV-H5-000557,0,,2940365,2940365,0.71
INV-H5-000558,0,,869563,869563,0.79
INV-H5-000561,0,,3029462,3029462,0.65
INV-H5-000562,0,,4192131,4192131,0.71
INV-H5-000564,0,,1103541,1103541,0.77
INV-H5-000565,0,,2172269,2172269,0.67
INV-H5-000566,0,,942798,942798,0.77
INV-H5-000568,0,,2250229,2250229,0.77
INV-H5-000571,0,,906632,906632,0.71
INV-H5-000572,0,,4563454,4563454,0.77
INV-H5-000573,0,,1534116,1534116,0.73
INV-H5-000574,1,bundle_not_applied|service_date_out_of_window|unit_price_mismatch|wrong_unit_basis,,5517874,0.5
INV-H5-000575,1,invoice_total_mismatch,,1167381,0.5
INV-H5-000577,0,,3045963,3045963,0.65
INV-H5-000578,0,,3099289,3099289,0.77
INV-H5-000579,0,,999372,999372,0.67
INV-H5-000580,0,,5763303,5763303,0.71
INV-H5-000581,0,,4983046,4983046,0.73
INV-H5-000582,0,,2427167,2427167,0.71
INV-H5-000583,0,,997973,997973,0.79
INV-H5-000584,0,,3776180,3776180,0.73
INV-H5-000585,0,,2182615,2182615,0.71
INV-H5-000586,0,,2736015,2736015,0.73
INV-H5-000587,0,,3647489,3647489,0.71
INV-H5-000588,0,,858942,858942,0.73
INV-H5-000589,0,,1150933,1150933,0.66
INV-H5-000590,0,,2502225,2502225,0.71
INV-H5-000592,0,,3714402,3714402,0.77
INV-H5-000593,0,,1971033,1971033,0.77
INV-H5-000594,0,,420930,420930,0.77
INV-H5-000595,0,,921110,921110,0.67
INV-H5-000596,0,,1411552,1411552,0.77
INV-H5-000597,0,,5375354,5375354,0.65
INV-H5-000598,0,,2297893,2297893,0.77
INV-H5-000600,0,,2256241,2256241,0.77
INV-H5-000603,1,unit_price_mismatch|wrong_unit_basis,,3495789,0.5
INV-H5-000604,0,,1168222,1168222,0.67
INV-H5-000606,0,,1717772,1717772,0.73
INV-H5-000607,0,,4751967,4751967,0.73
INV-H5-000608,0,,3039543,3039543,0.73
INV-H5-000609,0,,2362109,2362109,0.77
INV-H5-000611,0,,2024008,2024008,0.67
INV-H5-000612,0,,1089539,1089539,0.77
INV-H5-000613,0,,3850896,3850896,0.77
INV-H5-000614,0,,1017381,1017381,0.77
INV-H5-000615,1,unit_price_mismatch,,1726957,0.5
INV-H5-000616,0,,3286614,3286614,0.77
INV-H5-000617,0,,2792147,2792147,0.73
INV-H5-000618,0,,1202960,1202960,0.79
INV-H5-000619,0,,3213857,3213857,0.77
INV-H5-000621,0,,5603334,5603334,0.67
INV-H5-000622,0,,3481987,3481987,0.73
INV-H5-000625,0,,2278445,2278445,0.79
INV-H5-000626,0,,2889111,2889111,0.73
INV-H5-000629,1,line_total_arithmetic|service_date_after_invoice_date|service_date_out_of_window,,3596311,0.5
INV-H5-000630,0,,3025497,3025497,0.65
INV-H5-000631,0,,1544323,1544323,0.73
INV-H5-000632,0,,3170772,3170772,0.71
INV-H5-000633,0,,1375413,1375413,0.77
INV-H5-000634,0,,1129583,1129583,0.73
INV-H5-000636,0,,1615307,1615307,0.71
INV-H5-000637,0,,1319879,1319879,0.79
INV-H5-000638,0,,780437,780437,0.77
INV-H5-000639,0,,5602433,5602433,0.65
INV-H5-000640,0,,4143273,4143273,0.67
INV-H5-000643,0,,935341,935341,0.73
INV-H5-000645,0,,2439423,2439423,0.79
INV-H5-000646,0,,797825,797825,0.65
INV-H5-000647,0,,2569143,2569143,0.73
INV-H5-000648,0,,3996211,3996211,0.77
INV-H5-000649,0,,2156633,2156633,0.73
INV-H5-000651,0,,1122221,1122221,0.73
INV-H5-000653,0,,2987599,2987599,0.71
INV-H5-000654,0,,3017547,3017547,0.67
INV-H5-000655,0,,441786,441786,0.67
INV-H5-000656,0,,4704119,4704119,0.68
INV-H5-000657,0,,3026074,3026074,0.71
INV-H5-000658,0,,3424234,3424234,0.79
INV-H5-000659,0,,4167319,4167319,0.71
INV-H5-000660,0,,4607479,4607479,0.67
INV-H5-000661,0,,4567534,4567534,0.67
INV-H5-000662,0,,2911686,2911686,0.67
INV-H5-000663,0,,3452561,3452561,0.77
INV-H5-000664,0,,3475339,3475339,0.71
INV-H5-000665,0,,2386112,2386112,0.67
INV-H5-000666,0,,1068351,1068351,0.73
INV-H5-000667,0,,2287939,2287939,0.71
INV-H5-000668,0,,1192278,1192278,0.79
INV-H5-000669,0,,2121061,2121061,0.67
INV-H5-000670,0,,1463878,1463878,0.77
INV-H5-000672,0,,1374286,1374286,0.77
INV-H5-000673,0,,4505316,4505316,0.73
INV-H5-000674,0,,4042207,4042207,0.71
INV-H5-000675,0,,3275579,3275579,0.71
INV-H5-000676,0,,5671487,5671487,0.71
INV-H5-000677,0,,4755445,4755445,0.67
INV-H5-000679,0,,871701,871701,0.79
INV-H5-000680,1,premium_incorrectly_applied|service_date_after_invoice_date|unit_price_mismatch,5941719,6010657,0.71
INV-H5-000681,0,,2544026,2544026,0.71
INV-H5-000682,0,,4382733,4382733,0.77
INV-H5-000683,0,,4967450,4967450,0.71
INV-H5-000684,0,,4175495,4175495,0.67
INV-H5-000685,0,,2793436,2793436,0.77
INV-H5-000686,0,,2287616,2287616,0.77
INV-H5-000687,0,,3121667,3121667,0.67
INV-H5-000688,0,,2362572,2362572,0.71
INV-H5-000689,0,,3521008,3521008,0.77
INV-H5-000690,0,,4146073,4146073,0.79
INV-H5-000691,0,,2280369,2280369,0.65
INV-H5-000692,0,,739924,739924,0.71
INV-H5-000693,0,,3031724,3031724,0.73
INV-H5-000694,0,,5118910,5118910,0.77
INV-H5-000695,0,,951175,951175,0.71
INV-H5-000696,0,,443289,443289,0.73
INV-H5-000697,0,,3326538,3326538,0.73
INV-H5-000698,0,,2764318,2764318,0.71
INV-H5-000699,0,,1965404,1965404,0.79
INV-H5-000700,0,,3707563,3707563,0.77
INV-H5-000701,0,,3626931,3626931,0.71
INV-H5-000702,0,,1859589,1859589,0.65
INV-H5-000703,0,,3173652,3173652,0.77
INV-H5-000704,0,,1526203,1526203,0.77
INV-H5-000705,0,,1978038,1978038,0.77
INV-H5-000706,0,,1836000,1836000,0.71
INV-H5-000707,0,,1354487,1354487,0.74
INV-H5-000708,0,,2051938,2051938,0.71
INV-H5-000709,0,,4153935,4153935,0.77
INV-H5-000710,0,,1388508,1388508,0.77
INV-H5-000711,0,,4984521,4984521,0.65
INV-H5-000712,0,,2986152,2986152,0.65
INV-H5-000713,0,,913625,913625,0.73
INV-H5-000714,0,,809557,809557,0.79
INV-H5-000715,0,,7252548,7252548,0.73
INV-H5-000716,0,,1943044,1943044,0.77
INV-H5-000717,0,,6000607,6000607,0.71
INV-H5-000718,0,,2555240,2555240,0.77
INV-H5-000719,0,,3060918,3060918,0.65
INV-H5-000721,0,,4148962,4148962,0.77
INV-H5-000722,0,,1827885,1827885,0.77
INV-H5-000723,0,,1416098,1416098,0.65
INV-H5-000724,0,,2813464,2813464,0.77
INV-H5-000725,0,,4234755,4234755,0.67
INV-H5-000726,1,daily_cap_exceeded,,4333302,0.5
INV-H5-000727,0,,2326874,2326874,0.77
INV-H5-000728,0,,2103207,2103207,0.77
INV-H5-000729,0,,1539227,1539227,0.67
INV-H5-000730,0,,3975905,3975905,0.77
INV-H5-000732,0,,3509492,3509492,0.77
INV-H5-000733,0,,2697217,2697217,0.65
INV-H5-000734,0,,831599,831599,0.67
INV-H5-000735,0,,3490346,3490346,0.67
INV-H5-000740,0,,4658729,4658729,0.65
INV-H5-000741,0,,4436600,4436600,0.65
INV-H5-000743,0,,4139044,4139044,0.67
INV-H5-000744,0,,1888052,1888052,0.65
INV-H5-000745,0,,915730,915730,0.77
INV-H5-000746,1,unit_price_mismatch,1454566,1518806,0.6
INV-H5-000747,0,,3892637,3892637,0.71
INV-H5-000748,0,,1784699,1784699,0.77
INV-H5-000749,1,daily_cap_exceeded,,1840074,0.35
INV-H5-000750,0,,916379,916379,0.67
INV-H5-000751,1,daily_cap_exceeded|malformed_service_date,,2434281,0.5
INV-H5-000752,1,premium_omitted|unit_price_mismatch,,3515920,0.5
INV-H5-000754,0,,686754,686754,0.77
INV-H5-000755,0,,4521391,4521391,0.77
INV-H5-000756,0,,3690315,3690315,0.67
INV-H5-000758,0,,3052106,3052106,0.71
INV-H5-000759,1,cross_invoice_duplicate|premium_incorrectly_applied|unit_price_mismatch,,4212186,0.45
INV-H5-000761,0,,3145400,3145400,0.77
INV-H5-000762,0,,3265070,3265070,0.73
INV-H5-000763,0,,4350122,4350122,0.67
INV-H5-000764,0,,3203151,3203151,0.73
INV-H5-000765,0,,1233208,1233208,0.79
INV-H5-000766,0,,3236206,3236206,0.65
INV-H5-000767,0,,2849557,2849557,0.77
INV-H5-000768,0,,4798940,4798940,0.67
INV-H5-000769,0,,2675819,2675819,0.71
INV-H5-000770,0,,1340803,1340803,0.77
INV-H5-000771,0,,4783261,4783261,0.65
INV-H5-000772,0,,2791902,2791902,0.77
INV-H5-000773,0,,1366953,1366953,0.71
INV-H5-000774,0,,416832,416832,0.77
INV-H5-000775,0,,1705032,1705032,0.71
INV-H5-000776,0,,1809975,1809975,0.79
INV-H5-000777,0,,3286660,3286660,0.67
INV-H5-000778,0,,3267335,3267335,0.73
INV-H5-000780,0,,4160331,4160331,0.71
INV-H5-000781,0,,1036414,1036414,0.67
INV-H5-000782,0,,4194409,4194409,0.65
INV-H5-000783,0,,2487159,2487159,0.73
INV-H5-000784,0,,471266,471266,0.65
INV-H5-000785,0,,2995078,2995078,0.71
INV-H5-000787,1,unknown_service,,4057705,0.35
INV-H5-000788,0,,4814493,4814493,0.65
INV-H5-000789,0,,2688188,2688188,0.71
INV-H5-000791,0,,2409561,2409561,0.73
INV-H5-000792,0,,4177525,4177525,0.65
INV-H5-000793,0,,4412134,4412134,0.62
INV-H5-000794,0,,2176531,2176531,0.77
INV-H5-000795,0,,4861790,4861790,0.65
INV-H5-000796,0,,1614519,1614519,0.71
INV-H5-000797,0,,1157947,1157947,0.73
INV-H5-000799,1,contract_number_mismatch|service_date_after_invoice_date|service_date_out_of_window|wrong_unit_basis,,2145842,0.5
INV-H5-000800,0,,2358586,2358586,0.79
INV-H5-000801,0,,3032292,3032292,0.71
INV-H5-000802,0,,3372021,3372021,0.67
INV-H5-000803,0,,4670245,4670245,0.73
INV-H5-000805,0,,1853407,1853407,0.73
INV-H5-000806,0,,2996292,2996292,0.77
INV-H5-000807,0,,2777236,2777236,0.77
INV-H5-000808,0,,2982195,2982195,0.65
INV-H5-000810,0,,4619371,4619371,0.71
INV-H5-000811,0,,862226,862226,0.77
INV-H5-000812,0,,5661710,5661710,0.73
INV-H5-000813,0,,920502,920502,0.71
INV-H5-000814,0,,4875115,4875115,0.71
INV-H5-000815,0,,3112760,3112760,0.71
INV-H5-000816,0,,3037479,3037479,0.71
INV-H5-000817,0,,1317130,1317130,0.79
INV-H5-000818,0,,3041310,3041310,0.67
INV-H5-000819,0,,2942213,2942213,0.65
INV-H5-000820,0,,5225499,5225499,0.65
INV-H5-000822,0,,3149569,3149569,0.71
INV-H5-000823,0,,4178286,4178286,0.67
INV-H5-000824,0,,1147453,1147453,0.77
INV-H5-000825,0,,3713730,3713730,0.71
INV-H5-000826,0,,4191918,4191918,0.73
INV-H5-000827,0,,3234976,3234976,0.71
INV-H5-000828,0,,1586272,1586272,0.77
INV-H5-000830,0,,4093137,4093137,0.77
INV-H5-000831,0,,6376818,6376818,0.65
INV-H5-000832,0,,3973709,3973709,0.65
INV-H5-000834,0,,3231790,3231790,0.67
INV-H5-000835,0,,4006959,4006959,0.77
INV-H5-000836,0,,1111946,1111946,0.79
INV-H5-000837,0,,2314751,2314751,0.77
INV-H5-000838,0,,2103005,2103005,0.77
INV-H5-000839,0,,5260553,5260553,0.67
INV-H5-000841,0,,5653085,5653085,0.77
INV-H5-000842,0,,1031218,1031218,0.79
INV-H5-000843,1,unit_price_mismatch,3058433,2994881,0.71
INV-H5-000844,0,,1957490,1957490,0.77
INV-H5-000846,0,,3319061,3319061,0.67
INV-H5-000847,0,,2939617,2939617,0.77
INV-H5-000848,0,,1596145,1596145,0.71
INV-H5-000849,0,,4974630,4974630,0.72
INV-H5-000850,1,daily_cap_exceeded,,4902057,0.5
INV-H5-000851,0,,2532921,2532921,0.77
INV-H5-000852,0,,6191609,6191609,0.77
INV-H5-000853,0,,2601163,2601163,0.71
INV-H5-000854,0,,2796569,2796569,0.62
INV-H5-000855,0,,3237849,3237849,0.77
INV-H5-000856,0,,2267767,2267767,0.68
INV-H5-000857,0,,5738100,5738100,0.67
INV-H5-000858,0,,1688007,1688007,0.77
INV-H5-000860,0,,2106262,2106262,0.71
INV-H5-000861,0,,2993863,2993863,0.71
INV-H5-000862,0,,2519370,2519370,0.77
INV-H5-000863,0,,962485,962485,0.77
INV-H5-000865,0,,2002670,2002670,0.71
INV-H5-000866,0,,2379332,2379332,0.65
INV-H5-000867,0,,3661673,3661673,0.65
INV-H5-000868,0,,2546865,2546865,0.65
INV-H5-000869,0,,1913028,1913028,0.79
INV-H5-000870,0,,1492257,1492257,0.77
INV-H5-000871,0,,2198231,2198231,0.77
INV-H5-000872,0,,1664133,1664133,0.71
INV-H5-000873,0,,4097350,4097350,0.79
INV-H5-000875,0,,3568347,3568347,0.71
INV-H5-000876,0,,1606449,1606449,0.65
INV-H5-000877,0,,1574894,1574894,0.79
INV-H5-000878,0,,3285870,3285870,0.65
INV-H5-000879,0,,1268035,1268035,0.79
INV-H5-000880,0,,625570,625570,0.77
INV-H5-000881,0,,1217530,1217530,0.77
INV-H5-000882,0,,3130100,3130100,0.77
INV-H5-000883,0,,4556048,4556048,0.65
INV-H5-000884,0,,1034433,1034433,0.73
INV-H5-000886,0,,2194566,2194566,0.79
INV-H5-000887,0,,981226,981226,0.79
INV-H5-000888,0,,2813104,2813104,0.65
INV-H5-000889,0,,1640226,1640226,0.77
INV-H5-000891,0,,5669568,5669568,0.65
INV-H5-000892,0,,3673701,3673701,0.71
INV-H5-000893,0,,2050277,2050277,0.65
INV-H5-000894,0,,2477796,2477796,0.77
INV-H5-000895,0,,1575522,1575522,0.77
INV-H5-000896,0,,2720760,2720760,0.77
INV-H5-000897,1,bundle_not_applied|unit_price_mismatch|wrong_unit_basis,,4233827,0.5
INV-H5-000898,0,,2612536,2612536,0.67
INV-H5-000899,0,,1456808,1456808,0.77
INV-H5-000901,0,,3601565,3601565,0.77
INV-H5-000902,0,,1581158,1581158,0.79
INV-H5-000903,0,,5071274,5071274,0.67
INV-H5-000904,0,,3407777,3407777,0.71
INV-H5-000905,0,,3741442,3741442,0.77
INV-H5-000906,0,,2881655,2881655,0.77
INV-H5-000907,1,line_total_arithmetic,1511081,1536081,0.6
INV-H5-000910,0,,4163409,4163409,0.73
INV-H5-000912,0,,2405012,2405012,0.77
INV-H5-000913,0,,1289242,1289242,0.65
INV-H5-000914,0,,1995034,1995034,0.77
INV-H5-000915,0,,3381685,3381685,0.71
INV-H5-000916,0,,5418244,5418244,0.71
INV-H5-000918,0,,4114271,4114271,0.73
INV-H5-000919,0,,666083,666083,0.77
INV-H5-000920,0,,4068735,4068735,0.71
INV-H5-000921,0,,3000249,3000249,0.71
INV-H5-000922,0,,786195,786195,0.83
INV-H5-000923,0,,2279905,2279905,0.65
INV-H5-000924,0,,1196647,1196647,0.77
INV-H5-000925,0,,2973439,2973439,0.77
INV-H5-000926,0,,1952954,1952954,0.71
INV-H5-000927,0,,4866592,4866592,0.71
INV-H5-000928,0,,1748166,1748166,0.65
INV-H5-000931,0,,2722883,2722883,0.67
INV-H5-000932,0,,1355311,1355311,0.71
INV-H5-000933,0,,3206745,3206745,0.67
INV-H5-000934,0,,2326305,2326305,0.67
INV-H5-000935,0,,4576964,4576964,0.72
INV-H5-000936,0,,1313868,1313868,0.71
INV-H5-000937,0,,6515306,6515306,0.77
INV-H5-000938,0,,2774726,2774726,0.77
INV-H5-000939,0,,3525865,3525865,0.71
INV-H5-000941,0,,2653154,2653154,0.77
INV-H5-000942,0,,5374484,5374484,0.67
INV-H5-000943,0,,3304292,3304292,0.65
INV-H5-000944,0,,3745500,3745500,0.65
INV-H5-000945,0,,3769040,3769040,0.79
INV-H5-000946,0,,3367191,3367191,0.77
INV-H5-000947,0,,4197747,4197747,0.65
INV-H5-000948,0,,850714,850714,0.73
INV-H5-000950,0,,4185066,4185066,0.71
INV-H5-000951,0,,1733711,1733711,0.67
INV-H5-000952,0,,2478862,2478862,0.73
INV-H5-000953,0,,3381670,3381670,0.77
INV-H5-000954,0,,2998126,2998126,0.71
INV-H5-000955,0,,2933020,2933020,0.77
INV-H5-000956,0,,1224306,1224306,0.77
INV-H5-000957,0,,2222390,2222390,0.73
INV-H5-000958,0,,3426845,3426845,0.73
INV-H5-000959,0,,1820777,1820777,0.77
INV-H5-000960,0,,5232678,5232678,0.73
INV-H5-000961,0,,1818870,1818870,0.77
INV-H5-000962,0,,2428061,2428061,0.77
INV-H5-000963,0,,2320851,2320851,0.67
INV-H5-000964,1,unit_price_mismatch,2234553,2256912,0.79
INV-H5-000965,0,,5158385,5158385,0.71
INV-H5-000966,0,,2912832,2912832,0.65
INV-H5-000967,0,,4968113,4968113,0.71
INV-H5-000968,0,,2498012,2498012,0.67
INV-H5-000969,1,contract_number_mismatch|unit_price_mismatch|unknown_service,,1082586,0.35
INV-H5-000970,0,,1259941,1259941,0.71
INV-H5-000971,0,,2484210,2484210,0.71
INV-H5-000972,0,,2514995,2514995,0.65
INV-H5-000973,0,,2608248,2608248,0.73
INV-H5-000974,0,,694010,694010,0.71
INV-H5-000975,0,,3391520,3391520,0.77
INV-H5-000976,0,,2126336,2126336,0.67
INV-H5-000977,0,,586933,586933,0.79
INV-H5-000978,0,,3182051,3182051,0.77
INV-H5-000979,1,service_date_out_of_window,7668100,7668100,0.71
INV-H5-000980,0,,2661095,2661095,0.77
INV-H5-000981,0,,1909714,1909714,0.65
INV-H5-000982,0,,5824479,5824479,0.71
INV-H5-000983,0,,3233250,3233250,0.67
INV-H5-000984,0,,1751224,1751224,0.65
INV-H5-000985,0,,2148190,2148190,0.65
INV-H5-000986,0,,2455807,2455807,0.71
INV-H5-000987,0,,1939527,1939527,0.71
INV-H5-000988,0,,2059772,2059772,0.71
INV-H5-000989,0,,2776706,2776706,0.67
INV-H5-000990,0,,1843625,1843625,0.77
INV-H5-000991,0,,5002155,5002155,0.71
INV-H5-000992,0,,2800797,2800797,0.71
INV-H5-000993,0,,1363419,1363419,0.67
INV-H5-000994,1,premium_omitted|unit_price_mismatch,1553055,1528515,0.77
INV-H5-000995,0,,4439461,4439461,0.71
INV-H5-000996,0,,1604635,1604635,0.67
INV-H5-000997,1,cross_invoice_duplicate,,4176333,0.5
INV-H5-000998,0,,3435037,3435037,0.65
INV-H5-000999,0,,429292,429292,0.79
INV-H5-001000,0,,3543284,3543284,0.65
INV-H5-001001,0,,741312,741312,0.77
INV-H5-001003,0,,2226123,2226123,0.71
INV-H5-001004,0,,636645,636645,0.79
INV-H5-001005,0,,2318348,2318348,0.77
INV-H5-001006,0,,510527,510527,0.79
INV-H5-001007,0,,7584289,7584289,0.65
INV-H5-001008,0,,2202566,2202566,0.77
INV-H5-001010,0,,3436810,3436810,0.71
INV-H5-001011,0,,3849659,3849659,0.73
INV-H5-001012,0,,1171431,1171431,0.79
INV-H5-001013,0,,3381343,3381343,0.71
INV-H5-001014,1,service_date_after_invoice_date,,1777417,0.5
INV-H5-001016,0,,3158184,3158184,0.65
INV-H5-001017,0,,2990475,2990475,0.77
INV-H5-001018,0,,2806989,2806989,0.77
INV-H5-001019,0,,1774460,1774460,0.77
INV-H5-001020,0,,1359899,1359899,0.77
INV-H5-001021,0,,1418056,1418056,0.77
INV-H5-001022,0,,4492340,4492340,0.65
INV-H5-001023,0,,4145799,4145799,0.77
INV-H5-001024,1,daily_cap_exceeded,,2990817,0.5
INV-H5-001025,0,,2191360,2191360,0.71
INV-H5-001026,0,,1854508,1854508,0.79
INV-H5-001027,0,,3103378,3103378,0.71
INV-H5-001028,0,,2167015,2167015,0.67
INV-H5-001029,0,,1326184,1326184,0.77
INV-H5-001030,0,,2445907,2445907,0.71
INV-H5-001031,0,,1546572,1546572,0.71
INV-H5-001033,0,,1825159,1825159,0.77
INV-H5-001034,0,,3166295,3166295,0.67
INV-H5-001035,0,,3506503,3506503,0.65
INV-H5-001039,0,,3109630,3109630,0.72
INV-H5-001041,0,,1744044,1744044,0.77
INV-H5-001042,0,,3501437,3501437,0.67
INV-H5-001043,0,,4740753,4740753,0.77
INV-H5-001044,0,,611603,611603,0.71
INV-H5-001045,1,unit_price_mismatch|volume_discount_omitted,1350139,1481689,0.67
INV-H5-001046,0,,1379695,1379695,0.79
INV-H5-001047,0,,2529492,2529492,0.71
INV-H5-001048,0,,2854497,2854497,0.65
INV-H5-001049,0,,2597006,2597006,0.67
INV-H5-001050,0,,1970667,1970667,0.77
INV-H5-001051,0,,3072819,3072819,0.68
INV-H5-001053,0,,1740470,1740470,0.65
INV-H5-001054,0,,2094051,2094051,0.77
INV-H5-001055,0,,2457815,2457815,0.77
INV-H5-001056,0,,1798050,1798050,0.73
INV-H5-001057,0,,4669721,4669721,0.71
